state_id,z,symbol,charge,electron_count,configuration,ground_level,multiplicity,spin_2s,state_category,state_role,physical_status,state_source,source_table,nist_ie_provenance,rule_reason,notes
H_qm1_mult1_ning2022,1,H,-1,2,1s2,1S0,1,0,ning2022_monoanion_reference,bound_experimental,experimental_or_evaluated,ning2022,source/ning2022/ning2022_monoanions.csv,,,recommended high-accuracy calculation; experimental photodetachment value exists
H_q0_mult2_nist,1,H,0,1,1s1,2S1/2,2,1,nist_reference,reference,experimental_or_evaluated,nist_gsie,source/nist_gsie/nist_neutral_cation_states.csv,theoretical,,
He_q0_mult1_nist,2,He,0,2,1s2,1S0,1,0,nist_reference,reference,experimental_or_evaluated,nist_gsie,source/nist_gsie/nist_neutral_cation_states.csv,evaluated,,
He_qp1_mult2_nist,2,He,1,1,1s1,2S1/2,2,1,nist_reference,reference_uncertain,experimental_or_evaluated,nist_gsie,source/nist_gsie/nist_neutral_cation_states.csv,theoretical,,
Li_qm1_mult1_ning2022,3,Li,-1,4,[He] 2s2,1S0,1,0,ning2022_monoanion_reference,bound_experimental,experimental_or_evaluated,ning2022,source/ning2022/ning2022_monoanions.csv,,,
Li_q0_mult2_nist,3,Li,0,3,1s2 2s1,2S1/2,2,1,nist_reference,reference,experimental_or_evaluated,nist_gsie,source/nist_gsie/nist_neutral_cation_states.csv,evaluated,,
Li_qp1_mult1_nist,3,Li,1,2,1s2,1S0,1,0,nist_reference,reference_uncertain,experimental_or_evaluated,nist_gsie,source/nist_gsie/nist_neutral_cation_states.csv,theoretical,,
Be_qm1_mult2_formal,4,Be,-1,5,1s2 2s2 2p1,,2,1,formal_anion_reference,formal_monoanion,not_claimed,formal_rule,curated/formal_atoms_ions.csv,,review_unbound_but_required_by_policy,"Ning-Lu treats the physical monoanion as unbound, metastable-only, or not accepted; included only as a formal reference required by the v2 charge policy. | Formal stockholder/Hirshfeld-I reference; not a claim of a stable isolated atomic anion."
Be_q0_mult1_nist,4,Be,0,4,1s2 2s2,1S0,1,0,nist_reference,reference,experimental_or_evaluated,nist_gsie,source/nist_gsie/nist_neutral_cation_states.csv,evaluated,,
Be_qp1_mult2_nist,4,Be,1,3,1s2 2s1,2S1/2,2,1,nist_reference,reference,experimental_or_evaluated,nist_gsie,source/nist_gsie/nist_neutral_cation_states.csv,evaluated,,
Be_qp2_mult1_nist,4,Be,2,2,1s2,1S0,1,0,nist_reference,reference_uncertain,experimental_or_evaluated,nist_gsie,source/nist_gsie/nist_neutral_cation_states.csv,theoretical,,
B_qm2_mult4_formal,5,B,-2,7,1s2 2s2 2p3,,4,3,formal_anion_reference,formal_multianion,not_claimed,formal_rule,curated/formal_atoms_ions.csv,,p_block_formal_dianion_policy,Formal stockholder/Hirshfeld-I reference for p-block dianion coverage; not a stable isolated atomic anion claim.
B_qm1_mult3_ning2022,5,B,-1,6,[He] 2s2 2p2,3P0,3,2,ning2022_monoanion_reference,bound_experimental,experimental_or_evaluated,ning2022,source/ning2022/ning2022_monoanions.csv,,,
B_q0_mult2_nist,5,B,0,5,1s2 2s2 2p1,2P°1/2,2,1,nist_reference,reference,experimental_or_evaluated,nist_gsie,source/nist_gsie/nist_neutral_cation_states.csv,evaluated,,
B_qp1_mult1_nist,5,B,1,4,1s2 2s2,1S0,1,0,nist_reference,reference,experimental_or_evaluated,nist_gsie,source/nist_gsie/nist_neutral_cation_states.csv,evaluated,,
B_qp2_mult2_nist,5,B,2,3,1s2 2s1,2S1/2,2,1,nist_reference,reference,experimental_or_evaluated,nist_gsie,source/nist_gsie/nist_neutral_cation_states.csv,evaluated,,
B_qp3_mult1_nist,5,B,3,2,1s2,1S0,1,0,nist_reference,reference_uncertain,experimental_or_evaluated,nist_gsie,source/nist_gsie/nist_neutral_cation_states.csv,theoretical,,
C_qm3_mult2_formal,6,C,-3,9,1s2 2s2 2p5,,2,1,formal_anion_reference,formal_multianion,not_claimed,formal_rule,curated/formal_atoms_ions.csv,,carbon_pnictogen_formal_trianion_policy,Formal stockholder/Hirshfeld-I reference for carbon/pnictogen trianion coverage; not a stable isolated atomic anion claim.
C_qm2_mult3_formal,6,C,-2,8,1s2 2s2 2p4,,3,2,formal_anion_reference,formal_multianion,not_claimed,formal_rule,curated/formal_atoms_ions.csv,,p_block_formal_dianion_policy,Formal stockholder/Hirshfeld-I reference for p-block dianion coverage; not a stable isolated atomic anion claim.
C_qm1_mult4_ning2022,6,C,-1,7,[He] 2s2 2p3,4S3/2,4,3,ning2022_monoanion_reference,bound_experimental,experimental_or_evaluated,ning2022,source/ning2022/ning2022_monoanions.csv,,,
C_q0_mult3_nist,6,C,0,6,1s2 2s2 2p2,3P0,3,2,nist_reference,reference,experimental_or_evaluated,nist_gsie,source/nist_gsie/nist_neutral_cation_states.csv,evaluated,,
C_qp1_mult2_nist,6,C,1,5,1s2 2s2 2p1,2P°1/2,2,1,nist_reference,reference,experimental_or_evaluated,nist_gsie,source/nist_gsie/nist_neutral_cation_states.csv,evaluated,,
C_qp2_mult1_nist,6,C,2,4,1s2 2s2,1S0,1,0,nist_reference,reference,experimental_or_evaluated,nist_gsie,source/nist_gsie/nist_neutral_cation_states.csv,evaluated,,
C_qp3_mult2_nist,6,C,3,3,1s2 2s1,2S1/2,2,1,nist_reference,reference,experimental_or_evaluated,nist_gsie,source/nist_gsie/nist_neutral_cation_states.csv,evaluated,,
N_qm3_mult1_formal,7,N,-3,10,1s2 2s2 2p6,,1,0,formal_anion_reference,formal_multianion,not_claimed,formal_rule,curated/formal_atoms_ions.csv,,carbon_pnictogen_formal_trianion_policy,Formal stockholder/Hirshfeld-I reference for carbon/pnictogen trianion coverage; not a stable isolated atomic anion claim.
N_qm2_mult2_formal,7,N,-2,9,1s2 2s2 2p5,,2,1,formal_anion_reference,formal_multianion,not_claimed,formal_rule,curated/formal_atoms_ions.csv,,p_block_formal_dianion_policy,Formal stockholder/Hirshfeld-I reference for p-block dianion coverage; not a stable isolated atomic anion claim.
N_qm1_mult3_formal,7,N,-1,8,1s2 2s2 2p4,,3,2,formal_anion_reference,formal_monoanion,not_claimed,formal_rule,curated/formal_atoms_ions.csv,,review_unbound_but_required_by_policy,"Ning-Lu treats the physical monoanion as unbound, metastable-only, or not accepted; included only as a formal reference required by the v2 charge policy. | Formal stockholder/Hirshfeld-I reference; not a claim of a stable isolated atomic anion."
N_q0_mult4_nist,7,N,0,7,1s2 2s2 2p3,4S°3/2,4,3,nist_reference,reference,experimental_or_evaluated,nist_gsie,source/nist_gsie/nist_neutral_cation_states.csv,evaluated,,
N_qp1_mult3_nist,7,N,1,6,1s2 2s2 2p2,3P0,3,2,nist_reference,reference_uncertain,experimental_or_evaluated,nist_gsie,source/nist_gsie/nist_neutral_cation_states.csv,semiempirical,,
N_qp2_mult2_nist,7,N,2,5,1s2 2s2 2p1,2P°1/2,2,1,nist_reference,reference_uncertain,experimental_or_evaluated,nist_gsie,source/nist_gsie/nist_neutral_cation_states.csv,semiempirical,,
N_qp3_mult1_nist,7,N,3,4,1s2 2s2,1S0,1,0,nist_reference,reference,experimental_or_evaluated,nist_gsie,source/nist_gsie/nist_neutral_cation_states.csv,evaluated,,
O_qm2_mult1_formal,8,O,-2,10,1s2 2s2 2p6,,1,0,formal_anion_reference,formal_multianion,not_claimed,formal_rule,curated/formal_atoms_ions.csv,,p_block_formal_dianion_policy,Formal stockholder/Hirshfeld-I reference for p-block dianion coverage; not a stable isolated atomic anion claim.
O_qm1_mult2_ning2022,8,O,-1,9,[He] 2s2 2p5,2P3/2,2,1,ning2022_monoanion_reference,bound_experimental,experimental_or_evaluated,ning2022,source/ning2022/ning2022_monoanions.csv,,,
O_q0_mult3_nist,8,O,0,8,1s2 2s2 2p4,3P2,3,2,nist_reference,reference,experimental_or_evaluated,nist_gsie,source/nist_gsie/nist_neutral_cation_states.csv,evaluated,,
O_qp1_mult4_nist,8,O,1,7,1s2 2s2 2p3,4S°3/2,4,3,nist_reference,reference,experimental_or_evaluated,nist_gsie,source/nist_gsie/nist_neutral_cation_states.csv,evaluated,,
O_qp2_mult3_nist,8,O,2,6,1s2 2s2 2p2,3P0,3,2,nist_reference,reference_uncertain,experimental_or_evaluated,nist_gsie,source/nist_gsie/nist_neutral_cation_states.csv,semiempirical,,
O_qp3_mult2_nist,8,O,3,5,1s2 2s2 2p1,2P°1/2,2,1,nist_reference,reference,experimental_or_evaluated,nist_gsie,source/nist_gsie/nist_neutral_cation_states.csv,evaluated,,
F_qm1_mult1_ning2022,9,F,-1,10,[He] 2s2 2p6,1S0,1,0,ning2022_monoanion_reference,bound_experimental,experimental_or_evaluated,ning2022,source/ning2022/ning2022_monoanions.csv,,,
F_q0_mult2_nist,9,F,0,9,1s2 2s2 2p5,2P°3/2,2,1,nist_reference,reference,experimental_or_evaluated,nist_gsie,source/nist_gsie/nist_neutral_cation_states.csv,evaluated,,
F_qp1_mult3_nist,9,F,1,8,1s2 2s2 2p4,3P2,3,2,nist_reference,reference,experimental_or_evaluated,nist_gsie,source/nist_gsie/nist_neutral_cation_states.csv,evaluated,,
F_qp2_mult4_nist,9,F,2,7,1s2 2s2 2p3,4S°3/2,4,3,nist_reference,reference_uncertain,experimental_or_evaluated,nist_gsie,source/nist_gsie/nist_neutral_cation_states.csv,semiempirical,,
F_qp3_mult3_nist,9,F,3,6,1s2 2s2 2p2,3P0,3,2,nist_reference,reference_uncertain,experimental_or_evaluated,nist_gsie,source/nist_gsie/nist_neutral_cation_states.csv,semiempirical,,
Ne_q0_mult1_nist,10,Ne,0,10,1s2 2s2 2p6,1S0,1,0,nist_reference,reference,experimental_or_evaluated,nist_gsie,source/nist_gsie/nist_neutral_cation_states.csv,evaluated,,
Ne_qp1_mult2_nist,10,Ne,1,9,1s2 2s2 2p5,2P°3/2,2,1,nist_reference,reference,experimental_or_evaluated,nist_gsie,source/nist_gsie/nist_neutral_cation_states.csv,evaluated,,
Ne_qp2_mult3_nist,10,Ne,2,8,1s2 2s2 2p4,3P2,3,2,nist_reference,reference,experimental_or_evaluated,nist_gsie,source/nist_gsie/nist_neutral_cation_states.csv,evaluated,,
Ne_qp3_mult4_nist,10,Ne,3,7,1s2 2s2 2p3,4S°3/2,4,3,nist_reference,reference_uncertain,experimental_or_evaluated,nist_gsie,source/nist_gsie/nist_neutral_cation_states.csv,semiempirical,,
Na_qm1_mult1_ning2022,11,Na,-1,12,[Ne] 3s2,1S0,1,0,ning2022_monoanion_reference,bound_experimental,experimental_or_evaluated,ning2022,source/ning2022/ning2022_monoanions.csv,,,
Na_q0_mult2_nist,11,Na,0,11,[Ne] 3s1,2S1/2,2,1,nist_reference,reference,experimental_or_evaluated,nist_gsie,source/nist_gsie/nist_neutral_cation_states.csv,evaluated,,
Na_qp1_mult1_nist,11,Na,1,10,1s2 2s2 2p6,1S0,1,0,nist_reference,reference,experimental_or_evaluated,nist_gsie,source/nist_gsie/nist_neutral_cation_states.csv,evaluated,,
Mg_qm1_mult2_formal,12,Mg,-1,13,[Ne] 3s2 3p1,,2,1,formal_anion_reference,formal_monoanion,not_claimed,formal_rule,curated/formal_atoms_ions.csv,,review_unbound_but_required_by_policy,"Ning-Lu treats the physical monoanion as unbound, metastable-only, or not accepted; included only as a formal reference required by the v2 charge policy. | Formal stockholder/Hirshfeld-I reference; not a claim of a stable isolated atomic anion."
Mg_q0_mult1_nist,12,Mg,0,12,[Ne] 3s2,1S0,1,0,nist_reference,reference,experimental_or_evaluated,nist_gsie,source/nist_gsie/nist_neutral_cation_states.csv,evaluated,,
Mg_qp1_mult2_nist,12,Mg,1,11,[Ne] 3s1,2S1/2,2,1,nist_reference,reference,experimental_or_evaluated,nist_gsie,source/nist_gsie/nist_neutral_cation_states.csv,evaluated,,
Mg_qp2_mult1_nist,12,Mg,2,10,1s2 2s2 2p6,1S0,1,0,nist_reference,reference,experimental_or_evaluated,nist_gsie,source/nist_gsie/nist_neutral_cation_states.csv,evaluated,,
Al_qm2_mult4_formal,13,Al,-2,15,[Ne] 3s2 3p3,,4,3,formal_anion_reference,formal_multianion,not_claimed,formal_rule,curated/formal_atoms_ions.csv,,p_block_formal_dianion_policy,Formal stockholder/Hirshfeld-I reference for p-block dianion coverage; not a stable isolated atomic anion claim.
Al_qm1_mult3_ning2022,13,Al,-1,14,[Ne] 3s2 3p2,3P0,3,2,ning2022_monoanion_reference,bound_experimental,experimental_or_evaluated,ning2022,source/ning2022/ning2022_monoanions.csv,,,
Al_q0_mult2_nist,13,Al,0,13,[Ne] 3s2 3p1,2P°1/2,2,1,nist_reference,reference,experimental_or_evaluated,nist_gsie,source/nist_gsie/nist_neutral_cation_states.csv,evaluated,,
Al_qp1_mult1_nist,13,Al,1,12,[Ne] 3s2,1S0,1,0,nist_reference,reference,experimental_or_evaluated,nist_gsie,source/nist_gsie/nist_neutral_cation_states.csv,evaluated,,
Al_qp2_mult2_nist,13,Al,2,11,[Ne] 3s1,2S1/2,2,1,nist_reference,reference,experimental_or_evaluated,nist_gsie,source/nist_gsie/nist_neutral_cation_states.csv,evaluated,,
Al_qp3_mult1_nist,13,Al,3,10,1s2 2s2 2p6,1S0,1,0,nist_reference,reference,experimental_or_evaluated,nist_gsie,source/nist_gsie/nist_neutral_cation_states.csv,evaluated,,
Si_qm2_mult3_formal,14,Si,-2,16,[Ne] 3s2 3p4,,3,2,formal_anion_reference,formal_multianion,not_claimed,formal_rule,curated/formal_atoms_ions.csv,,p_block_formal_dianion_policy,Formal stockholder/Hirshfeld-I reference for p-block dianion coverage; not a stable isolated atomic anion claim.
Si_qm1_mult4_ning2022,14,Si,-1,15,[Ne] 3s2 3p3,4S3/2,4,3,ning2022_monoanion_reference,bound_experimental,experimental_or_evaluated,ning2022,source/ning2022/ning2022_monoanions.csv,,,
Si_q0_mult3_nist,14,Si,0,14,[Ne] 3s2 3p2,3P0,3,2,nist_reference,reference,experimental_or_evaluated,nist_gsie,source/nist_gsie/nist_neutral_cation_states.csv,evaluated,,
Si_qp1_mult2_nist,14,Si,1,13,[Ne] 3s2 3p1,2P°1/2,2,1,nist_reference,reference,experimental_or_evaluated,nist_gsie,source/nist_gsie/nist_neutral_cation_states.csv,evaluated,,
Si_qp2_mult1_nist,14,Si,2,12,[Ne] 3s2,1S0,1,0,nist_reference,reference,experimental_or_evaluated,nist_gsie,source/nist_gsie/nist_neutral_cation_states.csv,evaluated,,
Si_qp3_mult2_nist,14,Si,3,11,[Ne] 3s1,2S1/2,2,1,nist_reference,reference,experimental_or_evaluated,nist_gsie,source/nist_gsie/nist_neutral_cation_states.csv,evaluated,,
P_qm3_mult1_formal,15,P,-3,18,[Ne] 3s2 3p6,,1,0,formal_anion_reference,formal_multianion,not_claimed,formal_rule,curated/formal_atoms_ions.csv,,carbon_pnictogen_formal_trianion_policy,Formal stockholder/Hirshfeld-I reference for carbon/pnictogen trianion coverage; not a stable isolated atomic anion claim.
P_qm2_mult2_formal,15,P,-2,17,[Ne] 3s2 3p5,,2,1,formal_anion_reference,formal_multianion,not_claimed,formal_rule,curated/formal_atoms_ions.csv,,p_block_formal_dianion_policy,Formal stockholder/Hirshfeld-I reference for p-block dianion coverage; not a stable isolated atomic anion claim.
P_qm1_mult3_ning2022,15,P,-1,16,[Ne] 3s2 3p4,3P2,3,2,ning2022_monoanion_reference,bound_experimental,experimental_or_evaluated,ning2022,source/ning2022/ning2022_monoanions.csv,,,
P_q0_mult4_nist,15,P,0,15,[Ne] 3s2 3p3,4S°3/2,4,3,nist_reference,reference,experimental_or_evaluated,nist_gsie,source/nist_gsie/nist_neutral_cation_states.csv,evaluated,,
P_qp1_mult3_nist,15,P,1,14,[Ne] 3s2 3p2,3P0,3,2,nist_reference,reference_uncertain,experimental_or_evaluated,nist_gsie,source/nist_gsie/nist_neutral_cation_states.csv,semiempirical,,
P_qp2_mult2_nist,15,P,2,13,[Ne] 3s2 3p1,2P°1/2,2,1,nist_reference,reference,experimental_or_evaluated,nist_gsie,source/nist_gsie/nist_neutral_cation_states.csv,evaluated,,
P_qp3_mult1_nist,15,P,3,12,[Ne] 3s2,1S0,1,0,nist_reference,reference,experimental_or_evaluated,nist_gsie,source/nist_gsie/nist_neutral_cation_states.csv,evaluated,,
S_qm2_mult1_formal,16,S,-2,18,[Ne] 3s2 3p6,,1,0,formal_anion_reference,formal_multianion,not_claimed,formal_rule,curated/formal_atoms_ions.csv,,p_block_formal_dianion_policy,Formal stockholder/Hirshfeld-I reference for p-block dianion coverage; not a stable isolated atomic anion claim.
S_qm1_mult2_ning2022,16,S,-1,17,[Ne] 3s2 3p5,2P3/2,2,1,ning2022_monoanion_reference,bound_experimental,experimental_or_evaluated,ning2022,source/ning2022/ning2022_monoanions.csv,,,
S_q0_mult3_nist,16,S,0,16,[Ne] 3s2 3p4,3P2,3,2,nist_reference,reference,experimental_or_evaluated,nist_gsie,source/nist_gsie/nist_neutral_cation_states.csv,evaluated,,
S_qp1_mult4_nist,16,S,1,15,[Ne] 3s2 3p3,4S°3/2,4,3,nist_reference,reference,experimental_or_evaluated,nist_gsie,source/nist_gsie/nist_neutral_cation_states.csv,evaluated,,
S_qp2_mult3_nist,16,S,2,14,[Ne] 3s2 3p2,3P0,3,2,nist_reference,reference_uncertain,experimental_or_evaluated,nist_gsie,source/nist_gsie/nist_neutral_cation_states.csv,semiempirical,,
S_qp3_mult2_nist,16,S,3,13,[Ne] 3s2 3p1,2P°1/2,2,1,nist_reference,reference_uncertain,experimental_or_evaluated,nist_gsie,source/nist_gsie/nist_neutral_cation_states.csv,semiempirical,,
Cl_qm1_mult1_ning2022,17,Cl,-1,18,[Ne] 3s2 3p6,1S0,1,0,ning2022_monoanion_reference,bound_experimental,experimental_or_evaluated,ning2022,source/ning2022/ning2022_monoanions.csv,,,
Cl_q0_mult2_nist,17,Cl,0,17,[Ne] 3s2 3p5,2P°3/2,2,1,nist_reference,reference,experimental_or_evaluated,nist_gsie,source/nist_gsie/nist_neutral_cation_states.csv,evaluated,,
Cl_qp1_mult3_nist,17,Cl,1,16,[Ne] 3s2 3p4,3P2,3,2,nist_reference,reference,experimental_or_evaluated,nist_gsie,source/nist_gsie/nist_neutral_cation_states.csv,evaluated,,
Cl_qp2_mult4_nist,17,Cl,2,15,[Ne] 3s2 3p3,4S°3/2,4,3,nist_reference,reference_uncertain,experimental_or_evaluated,nist_gsie,source/nist_gsie/nist_neutral_cation_states.csv,semiempirical,,
Cl_qp3_mult3_nist,17,Cl,3,14,[Ne] 3s2 3p2,3P0,3,2,nist_reference,reference_uncertain,experimental_or_evaluated,nist_gsie,source/nist_gsie/nist_neutral_cation_states.csv,semiempirical,,
Ar_q0_mult1_nist,18,Ar,0,18,[Ne] 3s2 3p6,1S0,1,0,nist_reference,reference,experimental_or_evaluated,nist_gsie,source/nist_gsie/nist_neutral_cation_states.csv,evaluated,,
Ar_qp1_mult2_nist,18,Ar,1,17,[Ne] 3s2 3p5,2P°3/2,2,1,nist_reference,reference,experimental_or_evaluated,nist_gsie,source/nist_gsie/nist_neutral_cation_states.csv,evaluated,,
Ar_qp2_mult3_nist,18,Ar,2,16,[Ne] 3s2 3p4,3P2,3,2,nist_reference,reference_uncertain,experimental_or_evaluated,nist_gsie,source/nist_gsie/nist_neutral_cation_states.csv,semiempirical,,
Ar_qp3_mult4_nist,18,Ar,3,15,[Ne] 3s2 3p3,4S°3/2,4,3,nist_reference,reference_uncertain,experimental_or_evaluated,nist_gsie,source/nist_gsie/nist_neutral_cation_states.csv,semiempirical,,
K_qm1_mult1_ning2022,19,K,-1,20,[Ar] 4s2,1S0,1,0,ning2022_monoanion_reference,bound_experimental,experimental_or_evaluated,ning2022,source/ning2022/ning2022_monoanions.csv,,,
K_q0_mult2_nist,19,K,0,19,[Ar] 4s1,2S1/2,2,1,nist_reference,reference,experimental_or_evaluated,nist_gsie,source/nist_gsie/nist_neutral_cation_states.csv,evaluated,,
K_qp1_mult1_nist,19,K,1,18,[Ne] 3s2 3p6,1S0,1,0,nist_reference,reference,experimental_or_evaluated,nist_gsie,source/nist_gsie/nist_neutral_cation_states.csv,evaluated,,
Ca_qm1_mult2_ning2022,20,Ca,-1,21,[Ar] 4s2 4p1,2P1/2,2,1,ning2022_monoanion_reference,bound_experimental,experimental_or_evaluated,ning2022,source/ning2022/ning2022_monoanions.csv,,,
Ca_q0_mult1_nist,20,Ca,0,20,[Ar] 4s2,1S0,1,0,nist_reference,reference,experimental_or_evaluated,nist_gsie,source/nist_gsie/nist_neutral_cation_states.csv,evaluated,,
Ca_qp1_mult2_nist,20,Ca,1,19,[Ar] 4s1,2S1/2,2,1,nist_reference,reference,experimental_or_evaluated,nist_gsie,source/nist_gsie/nist_neutral_cation_states.csv,evaluated,,
Ca_qp2_mult1_nist,20,Ca,2,18,[Ne] 3s2 3p6,1S0,1,0,nist_reference,reference,experimental_or_evaluated,nist_gsie,source/nist_gsie/nist_neutral_cation_states.csv,evaluated,,
Sc_qm1_mult1_ning2022,21,Sc,-1,22,[Ar] 3d1 4s2 4p1,1D2,1,0,ning2022_monoanion_reference,bound_experimental,experimental_or_evaluated,ning2022,source/ning2022/ning2022_monoanions.csv,,,
Sc_q0_mult2_nist,21,Sc,0,21,[Ar] 3d1 4s2,2D3/2,2,1,nist_reference,reference,experimental_or_evaluated,nist_gsie,source/nist_gsie/nist_neutral_cation_states.csv,evaluated,,
Sc_qp1_mult3_nist,21,Sc,1,20,[Ar] 3d1 4s1,3D1,3,2,nist_reference,reference,experimental_or_evaluated,nist_gsie,source/nist_gsie/nist_neutral_cation_states.csv,evaluated,,
Sc_qp2_mult2_nist,21,Sc,2,19,[Ar] 3d1,2D3/2,2,1,nist_reference,reference,experimental_or_evaluated,nist_gsie,source/nist_gsie/nist_neutral_cation_states.csv,evaluated,,
Sc_qp3_mult1_nist,21,Sc,3,18,[Ne] 3s2 3p6,1S0,1,0,nist_reference,reference,experimental_or_evaluated,nist_gsie,source/nist_gsie/nist_neutral_cation_states.csv,evaluated,,
Ti_qm1_mult4_ning2022,22,Ti,-1,23,[Ar] 3d3 4s2,4F3/2,4,3,ning2022_monoanion_reference,bound_experimental,experimental_or_evaluated,ning2022,source/ning2022/ning2022_monoanions.csv,,,
Ti_q0_mult3_nist,22,Ti,0,22,[Ar] 3d2 4s2,3F2,3,2,nist_reference,reference,experimental_or_evaluated,nist_gsie,source/nist_gsie/nist_neutral_cation_states.csv,evaluated,,
Ti_qp1_mult4_nist,22,Ti,1,21,[Ar] 3d2 4s1,4F3/2,4,3,nist_reference,reference,experimental_or_evaluated,nist_gsie,source/nist_gsie/nist_neutral_cation_states.csv,evaluated,,
Ti_qp2_mult3_nist,22,Ti,2,20,[Ar] 3d2,3F2,3,2,nist_reference,reference,experimental_or_evaluated,nist_gsie,source/nist_gsie/nist_neutral_cation_states.csv,evaluated,,
Ti_qp3_mult2_nist,22,Ti,3,19,[Ar] 3d1,2D3/2,2,1,nist_reference,reference,experimental_or_evaluated,nist_gsie,source/nist_gsie/nist_neutral_cation_states.csv,evaluated,,
V_qm1_mult5_ning2022,23,V,-1,24,[Ar] 3d4 4s2,5D0,5,4,ning2022_monoanion_reference,bound_experimental,experimental_or_evaluated,ning2022,source/ning2022/ning2022_monoanions.csv,,,
V_q0_mult4_nist,23,V,0,23,[Ar] 3d3 4s2,4F3/2,4,3,nist_reference,reference,experimental_or_evaluated,nist_gsie,source/nist_gsie/nist_neutral_cation_states.csv,evaluated,,
V_qp1_mult5_nist,23,V,1,22,[Ar] 3d4,5D0,5,4,nist_reference,reference,experimental_or_evaluated,nist_gsie,source/nist_gsie/nist_neutral_cation_states.csv,evaluated,,
V_qp2_mult4_nist,23,V,2,21,[Ar] 3d3,4F3/2,4,3,nist_reference,reference,experimental_or_evaluated,nist_gsie,source/nist_gsie/nist_neutral_cation_states.csv,evaluated,,
V_qp3_mult3_nist,23,V,3,20,[Ar] 3d2,3F2,3,2,nist_reference,reference,experimental_or_evaluated,nist_gsie,source/nist_gsie/nist_neutral_cation_states.csv,evaluated,,
Cr_qm1_mult6_ning2022,24,Cr,-1,25,[Ar] 3d5 4s2,6S5/2,6,5,ning2022_monoanion_reference,bound_experimental,experimental_or_evaluated,ning2022,source/ning2022/ning2022_monoanions.csv,,,
Cr_q0_mult7_nist,24,Cr,0,24,[Ar] 3d5 4s1,7S3,7,6,nist_reference,reference,experimental_or_evaluated,nist_gsie,source/nist_gsie/nist_neutral_cation_states.csv,evaluated,,
Cr_qp1_mult6_nist,24,Cr,1,23,[Ar] 3d5,6S5/2,6,5,nist_reference,reference,experimental_or_evaluated,nist_gsie,source/nist_gsie/nist_neutral_cation_states.csv,evaluated,,
Cr_qp2_mult5_nist,24,Cr,2,22,[Ar] 3d4,5D0,5,4,nist_reference,reference,experimental_or_evaluated,nist_gsie,source/nist_gsie/nist_neutral_cation_states.csv,evaluated,,
Cr_qp3_mult4_nist,24,Cr,3,21,[Ar] 3d3,4F3/2,4,3,nist_reference,reference_uncertain,experimental_or_evaluated,nist_gsie,source/nist_gsie/nist_neutral_cation_states.csv,semiempirical,,
Mn_qm1_mult5_formal,25,Mn,-1,26,[Ar] 3d6 4s2,,5,4,formal_anion_reference,formal_monoanion,not_claimed,formal_rule,curated/formal_atoms_ions.csv,,review_unbound_but_required_by_policy,"Ning-Lu treats the physical monoanion as unbound, metastable-only, or not accepted; included only as a formal reference required by the v2 charge policy. | Formal stockholder/Hirshfeld-I reference; not a claim of a stable isolated atomic anion."
Mn_q0_mult6_nist,25,Mn,0,25,[Ar] 3d5 4s2,6S5/2,6,5,nist_reference,reference,experimental_or_evaluated,nist_gsie,source/nist_gsie/nist_neutral_cation_states.csv,evaluated,,
Mn_qp1_mult7_nist,25,Mn,1,24,[Ar] 3d5 4s1,7S3,7,6,nist_reference,reference,experimental_or_evaluated,nist_gsie,source/nist_gsie/nist_neutral_cation_states.csv,evaluated,,
Mn_qp2_mult6_nist,25,Mn,2,23,[Ar] 3d5,6S5/2,6,5,nist_reference,reference,experimental_or_evaluated,nist_gsie,source/nist_gsie/nist_neutral_cation_states.csv,evaluated,,
Mn_qp3_mult5_nist,25,Mn,3,22,[Ar] 3d4,5D0,5,4,nist_reference,reference_uncertain,experimental_or_evaluated,nist_gsie,source/nist_gsie/nist_neutral_cation_states.csv,semiempirical,,
Fe_qm1_mult4_ning2022,26,Fe,-1,27,[Ar] 3d7 4s2,4F9/2,4,3,ning2022_monoanion_reference,bound_experimental,experimental_or_evaluated,ning2022,source/ning2022/ning2022_monoanions.csv,,,
Fe_q0_mult5_nist,26,Fe,0,26,[Ar] 3d6 4s2,5D4,5,4,nist_reference,reference,experimental_or_evaluated,nist_gsie,source/nist_gsie/nist_neutral_cation_states.csv,evaluated,,
Fe_qp1_mult6_nist,26,Fe,1,25,[Ar] 3d6 4s1,6D9/2,6,5,nist_reference,reference,experimental_or_evaluated,nist_gsie,source/nist_gsie/nist_neutral_cation_states.csv,evaluated,,
Fe_qp2_mult5_nist,26,Fe,2,24,[Ar] 3d6,5D4,5,4,nist_reference,reference,experimental_or_evaluated,nist_gsie,source/nist_gsie/nist_neutral_cation_states.csv,evaluated,,
Fe_qp3_mult6_nist,26,Fe,3,23,[Ar] 3d5,6S5/2,6,5,nist_reference,reference,experimental_or_evaluated,nist_gsie,source/nist_gsie/nist_neutral_cation_states.csv,evaluated,,
Co_qm1_mult3_ning2022,27,Co,-1,28,[Ar] 3d8 4s2,3F4,3,2,ning2022_monoanion_reference,bound_experimental,experimental_or_evaluated,ning2022,source/ning2022/ning2022_monoanions.csv,,,
Co_q0_mult4_nist,27,Co,0,27,[Ar] 3d7 4s2,4F9/2,4,3,nist_reference,reference,experimental_or_evaluated,nist_gsie,source/nist_gsie/nist_neutral_cation_states.csv,evaluated,,
Co_qp1_mult3_nist,27,Co,1,26,[Ar] 3d8,3F4,3,2,nist_reference,reference,experimental_or_evaluated,nist_gsie,source/nist_gsie/nist_neutral_cation_states.csv,evaluated,,
Co_qp2_mult4_nist,27,Co,2,25,[Ar] 3d7,4F9/2,4,3,nist_reference,reference_uncertain,experimental_or_evaluated,nist_gsie,source/nist_gsie/nist_neutral_cation_states.csv,semiempirical,,
Co_qp3_mult5_nist,27,Co,3,24,[Ar] 3d6,5D4,5,4,nist_reference,reference_uncertain,experimental_or_evaluated,nist_gsie,source/nist_gsie/nist_neutral_cation_states.csv,semiempirical,,
Ni_qm1_mult2_ning2022,28,Ni,-1,29,[Ar] 3d9 4s2,2D5/2,2,1,ning2022_monoanion_reference,bound_experimental,experimental_or_evaluated,ning2022,source/ning2022/ning2022_monoanions.csv,,,
Ni_q0_mult3_nist,28,Ni,0,28,[Ar] 3d8 4s2,3F4,3,2,nist_reference,reference,experimental_or_evaluated,nist_gsie,source/nist_gsie/nist_neutral_cation_states.csv,evaluated,,
Ni_qp1_mult2_nist,28,Ni,1,27,[Ar] 3d9,2D5/2,2,1,nist_reference,reference,experimental_or_evaluated,nist_gsie,source/nist_gsie/nist_neutral_cation_states.csv,evaluated,,
Ni_qp2_mult3_nist,28,Ni,2,26,[Ar] 3d8,3F4,3,2,nist_reference,reference,experimental_or_evaluated,nist_gsie,source/nist_gsie/nist_neutral_cation_states.csv,evaluated,,
Ni_qp3_mult4_nist,28,Ni,3,25,[Ar] 3d7,4F9/2,4,3,nist_reference,reference_uncertain,experimental_or_evaluated,nist_gsie,source/nist_gsie/nist_neutral_cation_states.csv,semiempirical,,
Cu_qm1_mult1_ning2022,29,Cu,-1,30,[Ar] 3d10 4s2,1S0,1,0,ning2022_monoanion_reference,bound_experimental,experimental_or_evaluated,ning2022,source/ning2022/ning2022_monoanions.csv,,,
Cu_q0_mult2_nist,29,Cu,0,29,[Ar] 3d10 4s1,2S1/2,2,1,nist_reference,reference,experimental_or_evaluated,nist_gsie,source/nist_gsie/nist_neutral_cation_states.csv,evaluated,,
Cu_qp1_mult1_nist,29,Cu,1,28,[Ar] 3d10,1S0,1,0,nist_reference,reference,experimental_or_evaluated,nist_gsie,source/nist_gsie/nist_neutral_cation_states.csv,evaluated,,
Cu_qp2_mult2_nist,29,Cu,2,27,[Ar] 3d9,2D5/2,2,1,nist_reference,reference,experimental_or_evaluated,nist_gsie,source/nist_gsie/nist_neutral_cation_states.csv,evaluated,,
Cu_qp3_mult3_nist,29,Cu,3,26,[Ar] 3d8,3F4,3,2,nist_reference,reference_uncertain,experimental_or_evaluated,nist_gsie,source/nist_gsie/nist_neutral_cation_states.csv,semiempirical,,
Zn_qm1_mult2_formal,30,Zn,-1,31,[Ar] 3d10 4s2 4p1,,2,1,formal_anion_reference,formal_monoanion,not_claimed,formal_rule,curated/formal_atoms_ions.csv,,review_unbound_but_required_by_policy,"Ning-Lu treats the physical monoanion as unbound, metastable-only, or not accepted; included only as a formal reference required by the v2 charge policy. | Formal stockholder/Hirshfeld-I reference; not a claim of a stable isolated atomic anion."
Zn_q0_mult1_nist,30,Zn,0,30,[Ar] 3d10 4s2,1S0,1,0,nist_reference,reference,experimental_or_evaluated,nist_gsie,source/nist_gsie/nist_neutral_cation_states.csv,evaluated,,
Zn_qp1_mult2_nist,30,Zn,1,29,[Ar] 3d10 4s1,2S1/2,2,1,nist_reference,reference,experimental_or_evaluated,nist_gsie,source/nist_gsie/nist_neutral_cation_states.csv,evaluated,,
Zn_qp2_mult1_nist,30,Zn,2,28,[Ar] 3d10,1S0,1,0,nist_reference,reference,experimental_or_evaluated,nist_gsie,source/nist_gsie/nist_neutral_cation_states.csv,evaluated,,
Zn_qp3_mult2_nist,30,Zn,3,27,[Ar] 3d9,2D5/2,2,1,nist_reference,reference,experimental_or_evaluated,nist_gsie,source/nist_gsie/nist_neutral_cation_states.csv,evaluated,,
Ga_qm2_mult4_formal,31,Ga,-2,33,[Ar] 3d10 4s2 4p3,,4,3,formal_anion_reference,formal_multianion,not_claimed,formal_rule,curated/formal_atoms_ions.csv,,p_block_formal_dianion_policy,Formal stockholder/Hirshfeld-I reference for p-block dianion coverage; not a stable isolated atomic anion claim.
Ga_qm1_mult3_ning2022,31,Ga,-1,32,[Ar] 3d10 4s2 4p2,3P0,3,2,ning2022_monoanion_reference,bound_experimental,experimental_or_evaluated,ning2022,source/ning2022/ning2022_monoanions.csv,,,
Ga_q0_mult2_nist,31,Ga,0,31,[Ar] 3d10 4s2 4p1,2P°1/2,2,1,nist_reference,reference,experimental_or_evaluated,nist_gsie,source/nist_gsie/nist_neutral_cation_states.csv,evaluated,,
Ga_qp1_mult1_nist,31,Ga,1,30,[Ar] 3d10 4s2,1S0,1,0,nist_reference,reference,experimental_or_evaluated,nist_gsie,source/nist_gsie/nist_neutral_cation_states.csv,evaluated,,
Ga_qp2_mult2_nist,31,Ga,2,29,[Ar] 3d10 4s1,2S1/2,2,1,nist_reference,reference,experimental_or_evaluated,nist_gsie,source/nist_gsie/nist_neutral_cation_states.csv,evaluated,,
Ga_qp3_mult1_nist,31,Ga,3,28,[Ar] 3d10,1S0,1,0,nist_reference,reference,experimental_or_evaluated,nist_gsie,source/nist_gsie/nist_neutral_cation_states.csv,evaluated,,
Ge_qm2_mult3_formal,32,Ge,-2,34,[Ar] 3d10 4s2 4p4,,3,2,formal_anion_reference,formal_multianion,not_claimed,formal_rule,curated/formal_atoms_ions.csv,,p_block_formal_dianion_policy,Formal stockholder/Hirshfeld-I reference for p-block dianion coverage; not a stable isolated atomic anion claim.
Ge_qm1_mult4_ning2022,32,Ge,-1,33,[Ar] 3d10 4s2 4p3,4S3/2,4,3,ning2022_monoanion_reference,bound_experimental,experimental_or_evaluated,ning2022,source/ning2022/ning2022_monoanions.csv,,,
Ge_q0_mult3_nist,32,Ge,0,32,[Ar] 3d10 4s2 4p2,3P0,3,2,nist_reference,reference,experimental_or_evaluated,nist_gsie,source/nist_gsie/nist_neutral_cation_states.csv,evaluated,,
Ge_qp1_mult2_nist,32,Ge,1,31,[Ar] 3d10 4s2 4p1,2P°1/2,2,1,nist_reference,reference,experimental_or_evaluated,nist_gsie,source/nist_gsie/nist_neutral_cation_states.csv,evaluated,,
Ge_qp2_mult1_nist,32,Ge,2,30,[Ar] 3d10 4s2,1S0,1,0,nist_reference,reference,experimental_or_evaluated,nist_gsie,source/nist_gsie/nist_neutral_cation_states.csv,evaluated,,
Ge_qp3_mult2_nist,32,Ge,3,29,[Ar] 3d10 4s1,2S1/2,2,1,nist_reference,reference,experimental_or_evaluated,nist_gsie,source/nist_gsie/nist_neutral_cation_states.csv,evaluated,,
As_qm3_mult1_formal,33,As,-3,36,[Ar] 3d10 4s2 4p6,,1,0,formal_anion_reference,formal_multianion,not_claimed,formal_rule,curated/formal_atoms_ions.csv,,carbon_pnictogen_formal_trianion_policy,Formal stockholder/Hirshfeld-I reference for carbon/pnictogen trianion coverage; not a stable isolated atomic anion claim.
As_qm2_mult2_formal,33,As,-2,35,[Ar] 3d10 4s2 4p5,,2,1,formal_anion_reference,formal_multianion,not_claimed,formal_rule,curated/formal_atoms_ions.csv,,p_block_formal_dianion_policy,Formal stockholder/Hirshfeld-I reference for p-block dianion coverage; not a stable isolated atomic anion claim.
As_qm1_mult3_ning2022,33,As,-1,34,[Ar] 3d10 4s2 4p4,3P2,3,2,ning2022_monoanion_reference,bound_experimental,experimental_or_evaluated,ning2022,source/ning2022/ning2022_monoanions.csv,,,
As_q0_mult4_nist,33,As,0,33,[Ar] 3d10 4s2 4p3,4S°3/2,4,3,nist_reference,reference,experimental_or_evaluated,nist_gsie,source/nist_gsie/nist_neutral_cation_states.csv,evaluated,,
As_qp1_mult3_nist,33,As,1,32,[Ar] 3d10 4s2 4p2,3P0,3,2,nist_reference,reference,experimental_or_evaluated,nist_gsie,source/nist_gsie/nist_neutral_cation_states.csv,evaluated,,
As_qp2_mult2_nist,33,As,2,31,[Ar] 3d10 4s2 4p1,2P°1/2,2,1,nist_reference,reference,experimental_or_evaluated,nist_gsie,source/nist_gsie/nist_neutral_cation_states.csv,evaluated,,
As_qp3_mult1_nist,33,As,3,30,[Ar] 3d10 4s2,1S0,1,0,nist_reference,reference,experimental_or_evaluated,nist_gsie,source/nist_gsie/nist_neutral_cation_states.csv,evaluated,,
Se_qm2_mult1_formal,34,Se,-2,36,[Ar] 3d10 4s2 4p6,,1,0,formal_anion_reference,formal_multianion,not_claimed,formal_rule,curated/formal_atoms_ions.csv,,p_block_formal_dianion_policy,Formal stockholder/Hirshfeld-I reference for p-block dianion coverage; not a stable isolated atomic anion claim.
Se_qm1_mult2_ning2022,34,Se,-1,35,[Ar] 3d10 4s2 4p5,2P3/2,2,1,ning2022_monoanion_reference,bound_experimental,experimental_or_evaluated,ning2022,source/ning2022/ning2022_monoanions.csv,,,
Se_q0_mult3_nist,34,Se,0,34,[Ar] 3d10 4s2 4p4,3P2,3,2,nist_reference,reference,experimental_or_evaluated,nist_gsie,source/nist_gsie/nist_neutral_cation_states.csv,evaluated,,
Se_qp1_mult4_nist,34,Se,1,33,[Ar] 3d10 4s2 4p3,4S°3/2,4,3,nist_reference,reference,experimental_or_evaluated,nist_gsie,source/nist_gsie/nist_neutral_cation_states.csv,evaluated,,
Se_qp2_mult3_nist,34,Se,2,32,[Ar] 3d10 4s2 4p2,3P0,3,2,nist_reference,reference,experimental_or_evaluated,nist_gsie,source/nist_gsie/nist_neutral_cation_states.csv,evaluated,,
Se_qp3_mult2_nist,34,Se,3,31,[Ar] 3d10 4s2 4p1,2P°1/2,2,1,nist_reference,reference,experimental_or_evaluated,nist_gsie,source/nist_gsie/nist_neutral_cation_states.csv,evaluated,,
Br_qm1_mult1_ning2022,35,Br,-1,36,[Ar] 3d10 4s2 4p6,1S0,1,0,ning2022_monoanion_reference,bound_experimental,experimental_or_evaluated,ning2022,source/ning2022/ning2022_monoanions.csv,,,
Br_q0_mult2_nist,35,Br,0,35,[Ar] 3d10 4s2 4p5,2P°3/2,2,1,nist_reference,reference,experimental_or_evaluated,nist_gsie,source/nist_gsie/nist_neutral_cation_states.csv,evaluated,,
Br_qp1_mult3_nist,35,Br,1,34,[Ar] 3d10 4s2 4p4,3P2,3,2,nist_reference,reference,experimental_or_evaluated,nist_gsie,source/nist_gsie/nist_neutral_cation_states.csv,evaluated,,
Br_qp2_mult4_nist,35,Br,2,33,[Ar] 3d10 4s2 4p3,4S°3/2,4,3,nist_reference,reference,experimental_or_evaluated,nist_gsie,source/nist_gsie/nist_neutral_cation_states.csv,evaluated,,
Br_qp3_mult3_nist,35,Br,3,32,[Ar] 3d10 4s2 4p2,3P0,3,2,nist_reference,reference,experimental_or_evaluated,nist_gsie,source/nist_gsie/nist_neutral_cation_states.csv,evaluated,,
Kr_q0_mult1_nist,36,Kr,0,36,[Ar] 3d10 4s2 4p6,1S0,1,0,nist_reference,reference,experimental_or_evaluated,nist_gsie,source/nist_gsie/nist_neutral_cation_states.csv,evaluated,,
Kr_qp1_mult2_nist,36,Kr,1,35,[Ar] 3d10 4s2 4p5,2P°3/2,2,1,nist_reference,reference,experimental_or_evaluated,nist_gsie,source/nist_gsie/nist_neutral_cation_states.csv,evaluated,,
Kr_qp2_mult3_nist,36,Kr,2,34,[Ar] 3d10 4s2 4p4,3P2,3,2,nist_reference,reference,experimental_or_evaluated,nist_gsie,source/nist_gsie/nist_neutral_cation_states.csv,evaluated,,
Kr_qp3_mult4_nist,36,Kr,3,33,[Ar] 3d10 4s2 4p3,4S°3/2,4,3,nist_reference,reference,experimental_or_evaluated,nist_gsie,source/nist_gsie/nist_neutral_cation_states.csv,evaluated,,
Rb_qm1_mult1_ning2022,37,Rb,-1,38,[Kr] 5s2,1S0,1,0,ning2022_monoanion_reference,bound_experimental,experimental_or_evaluated,ning2022,source/ning2022/ning2022_monoanions.csv,,,
Rb_q0_mult2_nist,37,Rb,0,37,[Kr] 5s1,2S1/2,2,1,nist_reference,reference,experimental_or_evaluated,nist_gsie,source/nist_gsie/nist_neutral_cation_states.csv,evaluated,,
Rb_qp1_mult1_nist,37,Rb,1,36,[Ar] 3d10 4s2 4p6,1S0,1,0,nist_reference,reference,experimental_or_evaluated,nist_gsie,source/nist_gsie/nist_neutral_cation_states.csv,evaluated,,
Sr_qm1_mult2_ning2022,38,Sr,-1,39,[Kr] 5s2 5p1,2P1/2,2,1,ning2022_monoanion_reference,bound_experimental,experimental_or_evaluated,ning2022,source/ning2022/ning2022_monoanions.csv,,,
Sr_q0_mult1_nist,38,Sr,0,38,[Kr] 5s2,1S0,1,0,nist_reference,reference,experimental_or_evaluated,nist_gsie,source/nist_gsie/nist_neutral_cation_states.csv,evaluated,,
Sr_qp1_mult2_nist,38,Sr,1,37,[Kr] 5s1,2S1/2,2,1,nist_reference,reference,experimental_or_evaluated,nist_gsie,source/nist_gsie/nist_neutral_cation_states.csv,evaluated,,
Sr_qp2_mult1_nist,38,Sr,2,36,[Ar] 3d10 4s2 4p6,1S0,1,0,nist_reference,reference,experimental_or_evaluated,nist_gsie,source/nist_gsie/nist_neutral_cation_states.csv,evaluated,,
Y_qm1_mult1_ning2022,39,Y,-1,40,[Kr] 4d1 5s2 5p1,1D2,1,0,ning2022_monoanion_reference,bound_experimental,experimental_or_evaluated,ning2022,source/ning2022/ning2022_monoanions.csv,,,
Y_q0_mult2_nist,39,Y,0,39,[Kr] 4d1 5s2,2D3/2,2,1,nist_reference,reference,experimental_or_evaluated,nist_gsie,source/nist_gsie/nist_neutral_cation_states.csv,evaluated,,
Y_qp1_mult1_nist,39,Y,1,38,[Kr] 5s2,1S0,1,0,nist_reference,reference,experimental_or_evaluated,nist_gsie,source/nist_gsie/nist_neutral_cation_states.csv,evaluated,,
Y_qp2_mult2_nist,39,Y,2,37,[Kr] 4d1,2D3/2,2,1,nist_reference,reference,experimental_or_evaluated,nist_gsie,source/nist_gsie/nist_neutral_cation_states.csv,evaluated,,
Y_qp3_mult1_nist,39,Y,3,36,[Ar] 3d10 4s2 4p6,1S0,1,0,nist_reference,reference_uncertain,experimental_or_evaluated,nist_gsie,source/nist_gsie/nist_neutral_cation_states.csv,semiempirical,,
Zr_qm1_mult4_ning2022,40,Zr,-1,41,[Kr] 4d3 5s2,4F3/2,4,3,ning2022_monoanion_reference,bound_experimental,experimental_or_evaluated,ning2022,source/ning2022/ning2022_monoanions.csv,,,
Zr_q0_mult3_nist,40,Zr,0,40,[Kr] 4d2 5s2,3F2,3,2,nist_reference,reference,experimental_or_evaluated,nist_gsie,source/nist_gsie/nist_neutral_cation_states.csv,evaluated,,
Zr_qp1_mult4_nist,40,Zr,1,39,[Kr] 4d2 5s1,4F3/2,4,3,nist_reference,reference,experimental_or_evaluated,nist_gsie,source/nist_gsie/nist_neutral_cation_states.csv,evaluated,,
Zr_qp2_mult3_nist,40,Zr,2,38,[Kr] 4d2,3F2,3,2,nist_reference,reference_uncertain,experimental_or_evaluated,nist_gsie,source/nist_gsie/nist_neutral_cation_states.csv,semiempirical,,
Zr_qp3_mult2_nist,40,Zr,3,37,[Kr] 4d1,2D3/2,2,1,nist_reference,reference,experimental_or_evaluated,nist_gsie,source/nist_gsie/nist_neutral_cation_states.csv,evaluated,,
Nb_qm1_mult5_ning2022,41,Nb,-1,42,[Kr] 4d4 5s2,5D0,5,4,ning2022_monoanion_reference,bound_experimental,experimental_or_evaluated,ning2022,source/ning2022/ning2022_monoanions.csv,,,
Nb_q0_mult6_nist,41,Nb,0,41,[Kr] 4d4 5s1,6D1/2,6,5,nist_reference,reference,experimental_or_evaluated,nist_gsie,source/nist_gsie/nist_neutral_cation_states.csv,evaluated,,
Nb_qp1_mult5_nist,41,Nb,1,40,[Kr] 4d4,5D0,5,4,nist_reference,reference_uncertain,experimental_or_evaluated,nist_gsie,source/nist_gsie/nist_neutral_cation_states.csv,semiempirical,,
Nb_qp2_mult4_nist,41,Nb,2,39,[Kr] 4d3,4F3/2,4,3,nist_reference,reference_uncertain,experimental_or_evaluated,nist_gsie,source/nist_gsie/nist_neutral_cation_states.csv,semiempirical,,
Nb_qp3_mult3_nist,41,Nb,3,38,[Kr] 4d2,3F2,3,2,nist_reference,reference,experimental_or_evaluated,nist_gsie,source/nist_gsie/nist_neutral_cation_states.csv,evaluated,,
Mo_qm1_mult6_ning2022,42,Mo,-1,43,[Kr] 4d5 5s2,6S5/2,6,5,ning2022_monoanion_reference,bound_experimental,experimental_or_evaluated,ning2022,source/ning2022/ning2022_monoanions.csv,,,
Mo_q0_mult7_nist,42,Mo,0,42,[Kr] 4d5 5s1,7S3,7,6,nist_reference,reference,experimental_or_evaluated,nist_gsie,source/nist_gsie/nist_neutral_cation_states.csv,evaluated,,
Mo_qp1_mult6_nist,42,Mo,1,41,[Kr] 4d5,6S5/2,6,5,nist_reference,reference_uncertain,experimental_or_evaluated,nist_gsie,source/nist_gsie/nist_neutral_cation_states.csv,semiempirical,,
Mo_qp2_mult5_nist,42,Mo,2,40,[Kr] 4d4,5D0,5,4,nist_reference,reference_uncertain,experimental_or_evaluated,nist_gsie,source/nist_gsie/nist_neutral_cation_states.csv,semiempirical,,
Mo_qp3_mult4_nist,42,Mo,3,39,[Kr] 4d3,4F3/2,4,3,nist_reference,reference_uncertain,experimental_or_evaluated,nist_gsie,source/nist_gsie/nist_neutral_cation_states.csv,semiempirical,,
Tc_qm1_mult5_formal,43,Tc,-1,44,[Kr] 4d6 5s2,,5,4,formal_anion_reference,formal_monoanion,not_claimed,manual_curated,curated/formal_atoms_ions.csv,,review_theory_only_but_required_by_policy,"Ning-Lu row is theory-only or limit-based; included as a formal monoanion reference, not as a physical/reference monoanion. | Formal stockholder/Hirshfeld-I reference; not a claim of a stable isolated atomic anion."
Tc_q0_mult6_nist,43,Tc,0,43,[Kr] 4d5 5s2,6S5/2,6,5,nist_reference,reference,experimental_or_evaluated,nist_gsie,source/nist_gsie/nist_neutral_cation_states.csv,evaluated,,
Tc_qp1_mult7_nist,43,Tc,1,42,[Kr] 4d5 5s1,7S3,7,6,nist_reference,reference_uncertain,experimental_or_evaluated,nist_gsie,source/nist_gsie/nist_neutral_cation_states.csv,semiempirical,,
Tc_qp2_mult6_nist,43,Tc,2,41,[Kr] 4d5,6S5/2,6,5,nist_reference,reference_uncertain,experimental_or_evaluated,nist_gsie,source/nist_gsie/nist_neutral_cation_states.csv,semiempirical,,
Tc_qp3_mult5_nist,43,Tc,3,40,[Kr] 4d4,5D0,5,4,nist_reference,reference_uncertain,experimental_or_evaluated,nist_gsie,source/nist_gsie/nist_neutral_cation_states.csv,theoretical,,
Ru_qm1_mult4_ning2022,44,Ru,-1,45,[Kr] 4d7 5s2,4F9/2,4,3,ning2022_monoanion_reference,bound_experimental,experimental_or_evaluated,ning2022,source/ning2022/ning2022_monoanions.csv,,,
Ru_q0_mult5_nist,44,Ru,0,44,[Kr] 4d7 5s1,5F5,5,4,nist_reference,reference,experimental_or_evaluated,nist_gsie,source/nist_gsie/nist_neutral_cation_states.csv,evaluated,,
Ru_qp1_mult4_nist,44,Ru,1,43,[Kr] 4d7,4F9/2,4,3,nist_reference,reference_uncertain,experimental_or_evaluated,nist_gsie,source/nist_gsie/nist_neutral_cation_states.csv,semiempirical,,
Ru_qp2_mult5_nist,44,Ru,2,42,[Kr] 4d6,5D4,5,4,nist_reference,reference_uncertain,experimental_or_evaluated,nist_gsie,source/nist_gsie/nist_neutral_cation_states.csv,semiempirical,,
Ru_qp3_mult6_nist,44,Ru,3,41,[Kr] 4d5,6S5/2,6,5,nist_reference,reference_uncertain,experimental_or_evaluated,nist_gsie,source/nist_gsie/nist_neutral_cation_states.csv,theoretical,,
Rh_qm1_mult3_ning2022,45,Rh,-1,46,[Kr] 4d8 5s2,3F4,3,2,ning2022_monoanion_reference,bound_experimental,experimental_or_evaluated,ning2022,source/ning2022/ning2022_monoanions.csv,,,
Rh_q0_mult4_nist,45,Rh,0,45,[Kr] 4d8 5s1,4F9/2,4,3,nist_reference,reference,experimental_or_evaluated,nist_gsie,source/nist_gsie/nist_neutral_cation_states.csv,evaluated,,
Rh_qp1_mult3_nist,45,Rh,1,44,[Kr] 4d8,3F4,3,2,nist_reference,reference_uncertain,experimental_or_evaluated,nist_gsie,source/nist_gsie/nist_neutral_cation_states.csv,semiempirical,,
Rh_qp2_mult4_nist,45,Rh,2,43,[Kr] 4d7,4F9/2,4,3,nist_reference,reference_uncertain,experimental_or_evaluated,nist_gsie,source/nist_gsie/nist_neutral_cation_states.csv,semiempirical,,
Rh_qp3_mult5_nist,45,Rh,3,42,[Kr] 4d6,5D4,5,4,nist_reference,reference_uncertain,experimental_or_evaluated,nist_gsie,source/nist_gsie/nist_neutral_cation_states.csv,theoretical,,
Pd_qm1_mult2_ning2022,46,Pd,-1,47,[Kr] 4d10 5s1,2S1/2,2,1,ning2022_monoanion_reference,bound_experimental,experimental_or_evaluated,ning2022,source/ning2022/ning2022_monoanions.csv,,,
Pd_q0_mult1_nist,46,Pd,0,46,[Kr] 4d10,1S0,1,0,nist_reference,reference,experimental_or_evaluated,nist_gsie,source/nist_gsie/nist_neutral_cation_states.csv,evaluated,,
Pd_qp1_mult2_nist,46,Pd,1,45,[Kr] 4d9,2D5/2,2,1,nist_reference,reference_uncertain,experimental_or_evaluated,nist_gsie,source/nist_gsie/nist_neutral_cation_states.csv,semiempirical,,
Pd_qp2_mult3_nist,46,Pd,2,44,[Kr] 4d8,3F4,3,2,nist_reference,reference_uncertain,experimental_or_evaluated,nist_gsie,source/nist_gsie/nist_neutral_cation_states.csv,semiempirical,,
Pd_qp3_mult4_nist,46,Pd,3,43,[Kr] 4d7,4F9/2,4,3,nist_reference,reference_uncertain,experimental_or_evaluated,nist_gsie,source/nist_gsie/nist_neutral_cation_states.csv,theoretical,,
Ag_qm1_mult1_ning2022,47,Ag,-1,48,[Kr] 4d10 5s2,1S0,1,0,ning2022_monoanion_reference,bound_experimental,experimental_or_evaluated,ning2022,source/ning2022/ning2022_monoanions.csv,,,
Ag_q0_mult2_nist,47,Ag,0,47,[Kr] 4d10 5s1,2S1/2,2,1,nist_reference,reference,experimental_or_evaluated,nist_gsie,source/nist_gsie/nist_neutral_cation_states.csv,evaluated,,
Ag_qp1_mult1_nist,47,Ag,1,46,[Kr] 4d10,1S0,1,0,nist_reference,reference,experimental_or_evaluated,nist_gsie,source/nist_gsie/nist_neutral_cation_states.csv,evaluated,,
Ag_qp2_mult2_nist,47,Ag,2,45,[Kr] 4d9,2D5/2,2,1,nist_reference,reference_uncertain,experimental_or_evaluated,nist_gsie,source/nist_gsie/nist_neutral_cation_states.csv,semiempirical,,
Ag_qp3_mult3_nist,47,Ag,3,44,[Kr] 4d8,3F4,3,2,nist_reference,reference_uncertain,experimental_or_evaluated,nist_gsie,source/nist_gsie/nist_neutral_cation_states.csv,theoretical,,
Cd_qm1_mult2_formal,48,Cd,-1,49,[Cd] 5p1,,2,1,formal_anion_reference,formal_monoanion,not_claimed,formal_rule,curated/formal_atoms_ions.csv,,review_unbound_but_required_by_policy,"Ning-Lu treats the physical monoanion as unbound, metastable-only, or not accepted; included only as a formal reference required by the v2 charge policy. | Formal stockholder/Hirshfeld-I reference; not a claim of a stable isolated atomic anion."
Cd_q0_mult1_nist,48,Cd,0,48,[Kr] 4d10 5s2,1S0,1,0,nist_reference,reference,experimental_or_evaluated,nist_gsie,source/nist_gsie/nist_neutral_cation_states.csv,evaluated,,
Cd_qp1_mult2_nist,48,Cd,1,47,[Kr] 4d10 5s1,2S1/2,2,1,nist_reference,reference,experimental_or_evaluated,nist_gsie,source/nist_gsie/nist_neutral_cation_states.csv,evaluated,,
Cd_qp2_mult1_nist,48,Cd,2,46,[Kr] 4d10,1S0,1,0,nist_reference,reference,experimental_or_evaluated,nist_gsie,source/nist_gsie/nist_neutral_cation_states.csv,evaluated,,
Cd_qp3_mult2_nist,48,Cd,3,45,[Kr] 4d9,2D5/2,2,1,nist_reference,reference_uncertain,experimental_or_evaluated,nist_gsie,source/nist_gsie/nist_neutral_cation_states.csv,theoretical,,
In_qm2_mult4_formal,49,In,-2,51,[Cd] 5p3,,4,3,formal_anion_reference,formal_multianion,not_claimed,formal_rule,curated/formal_atoms_ions.csv,,p_block_formal_dianion_policy,Formal stockholder/Hirshfeld-I reference for p-block dianion coverage; not a stable isolated atomic anion claim.
In_qm1_mult3_ning2022,49,In,-1,50,[Kr] 4d10 5s2 5p2,3P0,3,2,ning2022_monoanion_reference,bound_experimental,experimental_or_evaluated,ning2022,source/ning2022/ning2022_monoanions.csv,,,
In_q0_mult2_nist,49,In,0,49,[Cd] 5p1,2P°1/2,2,1,nist_reference,reference,experimental_or_evaluated,nist_gsie,source/nist_gsie/nist_neutral_cation_states.csv,evaluated,,
In_qp1_mult1_nist,49,In,1,48,[Kr] 4d10 5s2,1S0,1,0,nist_reference,reference,experimental_or_evaluated,nist_gsie,source/nist_gsie/nist_neutral_cation_states.csv,evaluated,,
In_qp2_mult2_nist,49,In,2,47,[Kr] 4d10 5s1,2S1/2,2,1,nist_reference,reference,experimental_or_evaluated,nist_gsie,source/nist_gsie/nist_neutral_cation_states.csv,evaluated,,
In_qp3_mult1_nist,49,In,3,46,[Kr] 4d10,1S0,1,0,nist_reference,reference,experimental_or_evaluated,nist_gsie,source/nist_gsie/nist_neutral_cation_states.csv,evaluated,,
Sn_qm2_mult3_formal,50,Sn,-2,52,[Cd] 5p4,,3,2,formal_anion_reference,formal_multianion,not_claimed,formal_rule,curated/formal_atoms_ions.csv,,p_block_formal_dianion_policy,Formal stockholder/Hirshfeld-I reference for p-block dianion coverage; not a stable isolated atomic anion claim.
Sn_qm1_mult4_ning2022,50,Sn,-1,51,[Kr] 4d10 5s2 5p3,4S3/2,4,3,ning2022_monoanion_reference,bound_experimental,experimental_or_evaluated,ning2022,source/ning2022/ning2022_monoanions.csv,,,
Sn_q0_mult3_nist,50,Sn,0,50,[Cd] 5p2,3P0,3,2,nist_reference,reference,experimental_or_evaluated,nist_gsie,source/nist_gsie/nist_neutral_cation_states.csv,evaluated,,
Sn_qp1_mult2_nist,50,Sn,1,49,[Cd] 5p1,2P°1/2,2,1,nist_reference,reference,experimental_or_evaluated,nist_gsie,source/nist_gsie/nist_neutral_cation_states.csv,evaluated,,
Sn_qp2_mult1_nist,50,Sn,2,48,[Kr] 4d10 5s2,1S0,1,0,nist_reference,reference,experimental_or_evaluated,nist_gsie,source/nist_gsie/nist_neutral_cation_states.csv,evaluated,,
Sn_qp3_mult2_nist,50,Sn,3,47,[Kr] 4d10 5s1,2S1/2,2,1,nist_reference,reference,experimental_or_evaluated,nist_gsie,source/nist_gsie/nist_neutral_cation_states.csv,evaluated,,
Sb_qm3_mult1_formal,51,Sb,-3,54,[Cd] 5p6,,1,0,formal_anion_reference,formal_multianion,not_claimed,formal_rule,curated/formal_atoms_ions.csv,,carbon_pnictogen_formal_trianion_policy,Formal stockholder/Hirshfeld-I reference for carbon/pnictogen trianion coverage; not a stable isolated atomic anion claim.
Sb_qm2_mult2_formal,51,Sb,-2,53,[Cd] 5p5,,2,1,formal_anion_reference,formal_multianion,not_claimed,formal_rule,curated/formal_atoms_ions.csv,,p_block_formal_dianion_policy,Formal stockholder/Hirshfeld-I reference for p-block dianion coverage; not a stable isolated atomic anion claim.
Sb_qm1_mult3_ning2022,51,Sb,-1,52,[Kr] 4d10 5s2 5p4,3P2,3,2,ning2022_monoanion_reference,bound_experimental,experimental_or_evaluated,ning2022,source/ning2022/ning2022_monoanions.csv,,,
Sb_q0_mult4_nist,51,Sb,0,51,[Cd] 5p3,4S°3/2,4,3,nist_reference,reference,experimental_or_evaluated,nist_gsie,source/nist_gsie/nist_neutral_cation_states.csv,evaluated,,
Sb_qp1_mult3_nist,51,Sb,1,50,[Cd] 5p2,3P0,3,2,nist_reference,reference,experimental_or_evaluated,nist_gsie,source/nist_gsie/nist_neutral_cation_states.csv,evaluated,,
Sb_qp2_mult2_nist,51,Sb,2,49,[Cd] 5p1,2P°1/2,2,1,nist_reference,reference,experimental_or_evaluated,nist_gsie,source/nist_gsie/nist_neutral_cation_states.csv,evaluated,,
Sb_qp3_mult1_nist,51,Sb,3,48,[Kr] 4d10 5s2,1S0,1,0,nist_reference,reference,experimental_or_evaluated,nist_gsie,source/nist_gsie/nist_neutral_cation_states.csv,evaluated,,
Te_qm2_mult1_formal,52,Te,-2,54,[Cd] 5p6,,1,0,formal_anion_reference,formal_multianion,not_claimed,formal_rule,curated/formal_atoms_ions.csv,,p_block_formal_dianion_policy,Formal stockholder/Hirshfeld-I reference for p-block dianion coverage; not a stable isolated atomic anion claim.
Te_qm1_mult2_ning2022,52,Te,-1,53,[Kr] 4d10 5s2 5p5,2P3/2,2,1,ning2022_monoanion_reference,bound_experimental,experimental_or_evaluated,ning2022,source/ning2022/ning2022_monoanions.csv,,,
Te_q0_mult3_nist,52,Te,0,52,[Cd] 5p4,3P2,3,2,nist_reference,reference,experimental_or_evaluated,nist_gsie,source/nist_gsie/nist_neutral_cation_states.csv,evaluated,,
Te_qp1_mult4_nist,52,Te,1,51,[Cd] 5p3,4S°3/2,4,3,nist_reference,reference,experimental_or_evaluated,nist_gsie,source/nist_gsie/nist_neutral_cation_states.csv,evaluated,,
Te_qp2_mult3_nist,52,Te,2,50,[Cd] 5p2,3P0,3,2,nist_reference,reference,experimental_or_evaluated,nist_gsie,source/nist_gsie/nist_neutral_cation_states.csv,evaluated,,
Te_qp3_mult2_nist,52,Te,3,49,[Cd] 5p1,2P°1/2,2,1,nist_reference,reference,experimental_or_evaluated,nist_gsie,source/nist_gsie/nist_neutral_cation_states.csv,evaluated,,
I_qm1_mult1_ning2022,53,I,-1,54,[Kr] 4d10 5s2 5p6,1S0,1,0,ning2022_monoanion_reference,bound_experimental,experimental_or_evaluated,ning2022,source/ning2022/ning2022_monoanions.csv,,,
I_q0_mult2_nist,53,I,0,53,[Cd] 5p5,2P°3/2,2,1,nist_reference,reference,experimental_or_evaluated,nist_gsie,source/nist_gsie/nist_neutral_cation_states.csv,evaluated,,
I_qp1_mult3_nist,53,I,1,52,[Cd] 5p4,3P2,3,2,nist_reference,reference,experimental_or_evaluated,nist_gsie,source/nist_gsie/nist_neutral_cation_states.csv,evaluated,,
I_qp2_mult4_nist,53,I,2,51,[Cd] 5p3,4S°3/2,4,3,nist_reference,reference,experimental_or_evaluated,nist_gsie,source/nist_gsie/nist_neutral_cation_states.csv,evaluated,,
I_qp3_mult3_nist,53,I,3,50,[Cd] 5p2,3P0,3,2,nist_reference,reference,experimental_or_evaluated,nist_gsie,source/nist_gsie/nist_neutral_cation_states.csv,evaluated,,
Xe_q0_mult1_nist,54,Xe,0,54,[Cd] 5p6,1S0,1,0,nist_reference,reference,experimental_or_evaluated,nist_gsie,source/nist_gsie/nist_neutral_cation_states.csv,evaluated,,
Xe_qp1_mult2_nist,54,Xe,1,53,[Cd] 5p5,2P°3/2,2,1,nist_reference,reference_uncertain,experimental_or_evaluated,nist_gsie,source/nist_gsie/nist_neutral_cation_states.csv,semiempirical,,
Xe_qp2_mult3_nist,54,Xe,2,52,[Cd] 5p4,3P2,3,2,nist_reference,reference_uncertain,experimental_or_evaluated,nist_gsie,source/nist_gsie/nist_neutral_cation_states.csv,semiempirical,,
Xe_qp3_mult4_nist,54,Xe,3,51,[Cd] 5p3,4S°3/2,4,3,nist_reference,reference,experimental_or_evaluated,nist_gsie,source/nist_gsie/nist_neutral_cation_states.csv,evaluated,,
Cs_qm1_mult1_ning2022,55,Cs,-1,56,[Xe] 6s2,1S0,1,0,ning2022_monoanion_reference,bound_experimental,experimental_or_evaluated,ning2022,source/ning2022/ning2022_monoanions.csv,,,
Cs_q0_mult2_nist,55,Cs,0,55,[Xe] 6s1,2S1/2,2,1,nist_reference,reference,experimental_or_evaluated,nist_gsie,source/nist_gsie/nist_neutral_cation_states.csv,evaluated,,
Cs_qp1_mult1_nist,55,Cs,1,54,[Cd] 5p6,1S0,1,0,nist_reference,reference,experimental_or_evaluated,nist_gsie,source/nist_gsie/nist_neutral_cation_states.csv,evaluated,,
Ba_qm1_mult2_ning2022,56,Ba,-1,57,[Xe] 6s2 6p1,2P1/2,2,1,ning2022_monoanion_reference,bound_experimental,experimental_or_evaluated,ning2022,source/ning2022/ning2022_monoanions.csv,,,
Ba_q0_mult1_nist,56,Ba,0,56,[Xe] 6s2,1S0,1,0,nist_reference,reference,experimental_or_evaluated,nist_gsie,source/nist_gsie/nist_neutral_cation_states.csv,evaluated,,
Ba_qp1_mult2_nist,56,Ba,1,55,[Xe] 6s1,2S1/2,2,1,nist_reference,reference,experimental_or_evaluated,nist_gsie,source/nist_gsie/nist_neutral_cation_states.csv,evaluated,,
Ba_qp2_mult1_nist,56,Ba,2,54,[Cd] 5p6,1S0,1,0,nist_reference,reference,experimental_or_evaluated,nist_gsie,source/nist_gsie/nist_neutral_cation_states.csv,evaluated,,
La_qm1_mult3_ning2022,57,La,-1,58,[Xe] 5d2 6s2,3F2,3,2,ning2022_monoanion_reference,bound_experimental,experimental_or_evaluated,ning2022,source/ning2022/ning2022_monoanions.csv,,,multiple bound anion states exist; table row is the recommended ground state
La_q0_mult2_nist,57,La,0,57,[Xe] 5d1 6s2,2D3/2,2,1,nist_reference,reference,experimental_or_evaluated,nist_gsie,source/nist_gsie/nist_neutral_cation_states.csv,evaluated,,
La_qp1_mult3_nist,57,La,1,56,[Xe] 5d2,3F2,3,2,nist_reference,reference,experimental_or_evaluated,nist_gsie,source/nist_gsie/nist_neutral_cation_states.csv,evaluated,,
La_qp2_mult2_nist,57,La,2,55,[Xe] 5d1,2D3/2,2,1,nist_reference,reference,experimental_or_evaluated,nist_gsie,source/nist_gsie/nist_neutral_cation_states.csv,evaluated,,
La_qp3_mult1_nist,57,La,3,54,[Cd] 5p6,1S0,1,0,nist_reference,reference_uncertain,experimental_or_evaluated,nist_gsie,source/nist_gsie/nist_neutral_cation_states.csv,semiempirical,,
Ce_qm1_mult4_ning2022,58,Ce,-1,59,[Xe] 4f1 5d2 6s2,4H7/2,4,3,ning2022_monoanion_reference,bound_experimental,experimental_or_evaluated,ning2022,source/ning2022/ning2022_monoanions.csv,,,multiple bound anion states may exist; table row is the recommended ground state
Ce_q0_mult1_nist,58,Ce,0,58,[Xe] 4f1 5d1 6s2,1G°4,1,0,nist_reference,reference,experimental_or_evaluated,nist_gsie,source/nist_gsie/nist_neutral_cation_states.csv,evaluated,,
Ce_qp1_mult4_nist,58,Ce,1,57,[Xe] 4f1 5d2,4H°7/2,4,3,nist_reference,reference_uncertain,experimental_or_evaluated,nist_gsie,source/nist_gsie/nist_neutral_cation_states.csv,semiempirical,,
Ce_qp2_mult3_nist,58,Ce,2,56,[Xe] 4f2,3H4,3,2,nist_reference,reference_uncertain,experimental_or_evaluated,nist_gsie,source/nist_gsie/nist_neutral_cation_states.csv,semiempirical,,
Ce_qp3_mult2_nist,58,Ce,3,55,[Xe] 4f1,2F°5/2,2,1,nist_reference,reference_uncertain,experimental_or_evaluated,nist_gsie,source/nist_gsie/nist_neutral_cation_states.csv,semiempirical,,
Pr_qm1_mult5_ning2022,59,Pr,-1,60,[Xe] 4f3 6s2 6p1,5K5,5,4,ning2022_monoanion_reference,bound_experimental,experimental_or_evaluated,ning2022,source/ning2022/ning2022_monoanions.csv,,,
Pr_q0_mult4_nist,59,Pr,0,59,[Xe] 4f3 6s2,4I°9/2,4,3,nist_reference,reference,experimental_or_evaluated,nist_gsie,source/nist_gsie/nist_neutral_cation_states.csv,semiempirical,,
Pr_qp1_mult5_nist,59,Pr,1,58,[Xe] 4f3 6s1,"(9/2,1/2)°4",5,4,nist_reference,reference_uncertain,experimental_or_evaluated,nist_gsie,source/nist_gsie/nist_neutral_cation_states.csv,semiempirical,,
Pr_qp2_mult4_nist,59,Pr,2,57,[Xe] 4f3,4I°9/2,4,3,nist_reference,reference,experimental_or_evaluated,nist_gsie,source/nist_gsie/nist_neutral_cation_states.csv,evaluated,,
Pr_qp3_mult3_nist,59,Pr,3,56,[Xe] 4f2,3H4,3,2,nist_reference,reference_uncertain,experimental_or_evaluated,nist_gsie,source/nist_gsie/nist_neutral_cation_states.csv,semiempirical,,
Nd_qm1_mult6_ning2022,60,Nd,-1,61,[Xe] 4f4 6s2 6p1,6K9/2,6,5,ning2022_monoanion_reference,bound_experimental,experimental_or_evaluated,ning2022,source/ning2022/ning2022_monoanions.csv,,,
Nd_q0_mult5_nist,60,Nd,0,60,[Xe] 4f4 6s2,5I4,5,4,nist_reference,reference,experimental_or_evaluated,nist_gsie,source/nist_gsie/nist_neutral_cation_states.csv,evaluated,,
Nd_qp1_mult6_nist,60,Nd,1,59,[Xe] 4f4 6s1,6I7/2,6,5,nist_reference,reference_uncertain,experimental_or_evaluated,nist_gsie,source/nist_gsie/nist_neutral_cation_states.csv,semiempirical,,
Nd_qp2_mult5_nist,60,Nd,2,58,[Xe] 4f4,5I4,5,4,nist_reference,reference_uncertain,experimental_or_evaluated,nist_gsie,source/nist_gsie/nist_neutral_cation_states.csv,semiempirical,,
Nd_qp3_mult4_nist,60,Nd,3,57,[Xe] 4f3,4I°9/2,4,3,nist_reference,reference_uncertain,experimental_or_evaluated,nist_gsie,source/nist_gsie/nist_neutral_cation_states.csv,semiempirical,,
Pm_qm1_mult7_formal,61,Pm,-1,62,[Xe] 4f5 6s2 6p1,,7,6,formal_anion_reference,formal_monoanion,not_claimed,manual_curated,curated/formal_atoms_ions.csv,,review_theory_only_but_required_by_policy,"Ning-Lu row is theory-only or limit-based; included as a formal monoanion reference, not as a physical/reference monoanion. | Formal stockholder/Hirshfeld-I reference; not a claim of a stable isolated atomic anion."
Pm_q0_mult6_nist,61,Pm,0,61,[Xe] 4f5 6s2,6H°5/2,6,5,nist_reference,reference,experimental_or_evaluated,nist_gsie,source/nist_gsie/nist_neutral_cation_states.csv,evaluated,,
Pm_qp1_mult7_nist,61,Pm,1,60,[Xe] 4f5 6s1,7H°2,7,6,nist_reference,reference_uncertain,experimental_or_evaluated,nist_gsie,source/nist_gsie/nist_neutral_cation_states.csv,semiempirical,,
Pm_qp2_mult6_nist,61,Pm,2,59,[Xe] 4f5,6H°5/2,6,5,nist_reference,reference_uncertain,experimental_or_evaluated,nist_gsie,source/nist_gsie/nist_neutral_cation_states.csv,semiempirical,,
Pm_qp3_mult5_nist,61,Pm,3,58,[Xe] 4f4,5I4,5,4,nist_reference,reference_uncertain,experimental_or_evaluated,nist_gsie,source/nist_gsie/nist_neutral_cation_states.csv,semiempirical,,
Sm_qm1_mult8_formal,62,Sm,-1,63,[Xe] 4f6 6s2 6p1,,8,7,formal_anion_reference,formal_monoanion,not_claimed,manual_curated,curated/formal_atoms_ions.csv,,review_theory_only_but_required_by_policy,"Ning-Lu row is theory-only or limit-based; included as a formal monoanion reference, not as a physical/reference monoanion. | Formal stockholder/Hirshfeld-I reference; not a claim of a stable isolated atomic anion."
Sm_q0_mult7_nist,62,Sm,0,62,[Xe] 4f6 6s2,7F0,7,6,nist_reference,reference,experimental_or_evaluated,nist_gsie,source/nist_gsie/nist_neutral_cation_states.csv,evaluated,,
Sm_qp1_mult8_nist,62,Sm,1,61,[Xe] 4f6 6s1,8F1/2,8,7,nist_reference,reference_uncertain,experimental_or_evaluated,nist_gsie,source/nist_gsie/nist_neutral_cation_states.csv,semiempirical,,
Sm_qp2_mult7_nist,62,Sm,2,60,[Xe] 4f6,7F0,7,6,nist_reference,reference_uncertain,experimental_or_evaluated,nist_gsie,source/nist_gsie/nist_neutral_cation_states.csv,semiempirical,,
Sm_qp3_mult6_nist,62,Sm,3,59,[Xe] 4f5,6H°5/2,6,5,nist_reference,reference_uncertain,experimental_or_evaluated,nist_gsie,source/nist_gsie/nist_neutral_cation_states.csv,semiempirical,,
Eu_qm1_mult9_ning2022,63,Eu,-1,64,[Xe] 4f7 6s2 6p1,9P3,9,8,ning2022_monoanion_reference,bound_experimental,experimental_or_evaluated,ning2022,source/ning2022/ning2022_monoanions.csv,,,
Eu_q0_mult8_nist,63,Eu,0,63,[Xe] 4f7 6s2,8S°7/2,8,7,nist_reference,reference,experimental_or_evaluated,nist_gsie,source/nist_gsie/nist_neutral_cation_states.csv,evaluated,,
Eu_qp1_mult9_nist,63,Eu,1,62,[Xe] 4f7 6s1,9S°4,9,8,nist_reference,reference_uncertain,experimental_or_evaluated,nist_gsie,source/nist_gsie/nist_neutral_cation_states.csv,semiempirical,,
Eu_qp2_mult8_nist,63,Eu,2,61,[Xe] 4f7,8S°7/2,8,7,nist_reference,reference_uncertain,experimental_or_evaluated,nist_gsie,source/nist_gsie/nist_neutral_cation_states.csv,semiempirical,,
Eu_qp3_mult7_nist,63,Eu,3,60,[Xe] 4f6,7F0,7,6,nist_reference,reference_uncertain,experimental_or_evaluated,nist_gsie,source/nist_gsie/nist_neutral_cation_states.csv,semiempirical,,
Gd_qm1_mult10_ning2022,64,Gd,-1,65,[Xe] 4f7 5d1 6s2 6p1,10F3/2,10,9,ning2022_monoanion_reference,bound_provisional,provisional_experimental,ning2022,source/ning2022/ning2022_monoanions.csv,,,preliminary/large-uncertainty heavy-anion assignment
Gd_q0_mult9_nist,64,Gd,0,64,[Xe] 4f7 5d1 6s2,9D°2,9,8,nist_reference,reference,experimental_or_evaluated,nist_gsie,source/nist_gsie/nist_neutral_cation_states.csv,evaluated,,
Gd_qp1_mult10_nist,64,Gd,1,63,[Xe] 4f7 5d1 6s1,10D°5/2,10,9,nist_reference,reference_uncertain,experimental_or_evaluated,nist_gsie,source/nist_gsie/nist_neutral_cation_states.csv,semiempirical,,
Gd_qp2_mult9_nist,64,Gd,2,62,[Xe] 4f7 5d1,9D°2,9,8,nist_reference,reference_uncertain,experimental_or_evaluated,nist_gsie,source/nist_gsie/nist_neutral_cation_states.csv,semiempirical,,
Gd_qp3_mult8_nist,64,Gd,3,61,[Xe] 4f7,8S°7/2,8,7,nist_reference,reference_uncertain,experimental_or_evaluated,nist_gsie,source/nist_gsie/nist_neutral_cation_states.csv,semiempirical,,
Tb_qm1_mult9_ning2022,65,Tb,-1,66,[Xe] 4f8 5d1 6s2 6p1,9G7,9,8,ning2022_monoanion_reference,bound_experimental,experimental_or_evaluated,ning2022,source/ning2022/ning2022_monoanions.csv,,,
Tb_q0_mult6_nist,65,Tb,0,65,[Xe] 4f9 6s2,6H°15/2,6,5,nist_reference,reference,experimental_or_evaluated,nist_gsie,source/nist_gsie/nist_neutral_cation_states.csv,evaluated,,
Tb_qp1_mult7_nist,65,Tb,1,64,[Xe] 4f9 6s1,"(15/2,1/2)°8",7,6,nist_reference,reference_uncertain,experimental_or_evaluated,nist_gsie,source/nist_gsie/nist_neutral_cation_states.csv,semiempirical,,
Tb_qp2_mult6_nist,65,Tb,2,63,[Xe] 4f9,6H°15/2,6,5,nist_reference,reference_uncertain,experimental_or_evaluated,nist_gsie,source/nist_gsie/nist_neutral_cation_states.csv,semiempirical,,
Tb_qp3_mult7_nist,65,Tb,3,62,[Xe] 4f8,7F6,7,6,nist_reference,reference_uncertain,experimental_or_evaluated,nist_gsie,source/nist_gsie/nist_neutral_cation_states.csv,semiempirical,,
Dy_qm1_mult6_ning2022,66,Dy,-1,67,[Xe] 4f10 6s2 6p1,6H15/2,6,5,ning2022_monoanion_reference,bound_provisional,provisional_experimental,ning2022,source/ning2022/ning2022_monoanions.csv,,,very weak binding; AMS estimate in the review
Dy_q0_mult5_nist,66,Dy,0,66,[Xe] 4f10 6s2,5I8,5,4,nist_reference,reference,experimental_or_evaluated,nist_gsie,source/nist_gsie/nist_neutral_cation_states.csv,evaluated,,
Dy_qp1_mult6_nist,66,Dy,1,65,[Xe] 4f10 6s1,"(8,1/2)17/2",6,5,nist_reference,reference_uncertain,experimental_or_evaluated,nist_gsie,source/nist_gsie/nist_neutral_cation_states.csv,semiempirical,,
Dy_qp2_mult5_nist,66,Dy,2,64,[Xe] 4f10,5I8,5,4,nist_reference,reference_uncertain,experimental_or_evaluated,nist_gsie,source/nist_gsie/nist_neutral_cation_states.csv,semiempirical,,
Dy_qp3_mult6_nist,66,Dy,3,63,[Xe] 4f9,6H°15/2,6,5,nist_reference,reference_uncertain,experimental_or_evaluated,nist_gsie,source/nist_gsie/nist_neutral_cation_states.csv,semiempirical,,
Ho_qm1_mult5_formal,67,Ho,-1,68,[Xe] 4f11 6s2 6p1,,5,4,formal_anion_reference,formal_monoanion,not_claimed,manual_curated,curated/formal_atoms_ions.csv,,review_theory_only_but_required_by_policy,"Ning-Lu row is theory-only or limit-based; included as a formal monoanion reference, not as a physical/reference monoanion. | Formal stockholder/Hirshfeld-I reference; not a claim of a stable isolated atomic anion."
Ho_q0_mult4_nist,67,Ho,0,67,[Xe] 4f11 6s2,4I°15/2,4,3,nist_reference,reference,experimental_or_evaluated,nist_gsie,source/nist_gsie/nist_neutral_cation_states.csv,evaluated,,
Ho_qp1_mult5_nist,67,Ho,1,66,[Xe] 4f11 6s1,"(15/2,1/2)°8",5,4,nist_reference,reference_uncertain,experimental_or_evaluated,nist_gsie,source/nist_gsie/nist_neutral_cation_states.csv,semiempirical,,
Ho_qp2_mult4_nist,67,Ho,2,65,[Xe] 4f11,4I°15/2,4,3,nist_reference,reference_uncertain,experimental_or_evaluated,nist_gsie,source/nist_gsie/nist_neutral_cation_states.csv,semiempirical,,
Ho_qp3_mult5_nist,67,Ho,3,64,[Xe] 4f10,5I8,5,4,nist_reference,reference_uncertain,experimental_or_evaluated,nist_gsie,source/nist_gsie/nist_neutral_cation_states.csv,semiempirical,,
Er_qm1_mult4_formal,68,Er,-1,69,[Xe] 4f12 6s2 6p1,,4,3,formal_anion_reference,formal_monoanion,not_claimed,manual_curated,curated/formal_atoms_ions.csv,,review_theory_only_but_required_by_policy,"Ning-Lu row is theory-only or limit-based; included as a formal monoanion reference, not as a physical/reference monoanion. | Formal stockholder/Hirshfeld-I reference; not a claim of a stable isolated atomic anion."
Er_q0_mult3_nist,68,Er,0,68,[Xe] 4f12 6s2,3H6,3,2,nist_reference,reference,experimental_or_evaluated,nist_gsie,source/nist_gsie/nist_neutral_cation_states.csv,evaluated,,
Er_qp1_mult4_nist,68,Er,1,67,[Xe] 4f12 6s1,"(6,1/2)13/2",4,3,nist_reference,reference_uncertain,experimental_or_evaluated,nist_gsie,source/nist_gsie/nist_neutral_cation_states.csv,semiempirical,,
Er_qp2_mult3_nist,68,Er,2,66,[Xe] 4f12,3H6,3,2,nist_reference,reference_uncertain,experimental_or_evaluated,nist_gsie,source/nist_gsie/nist_neutral_cation_states.csv,semiempirical,,
Er_qp3_mult4_nist,68,Er,3,65,[Xe] 4f11,4I°15/2,4,3,nist_reference,reference_uncertain,experimental_or_evaluated,nist_gsie,source/nist_gsie/nist_neutral_cation_states.csv,semiempirical,,
Tm_qm1_mult3_ning2022,69,Tm,-1,70,[Xe] 4f13 6s2 6p1,3D3,3,2,ning2022_monoanion_reference,bound_provisional,provisional_experimental,ning2022,source/ning2022/ning2022_monoanions.csv,,,very weak binding; AMS estimate in the review
Tm_q0_mult2_nist,69,Tm,0,69,[Xe] 4f13 6s2,2F°7/2,2,1,nist_reference,reference,experimental_or_evaluated,nist_gsie,source/nist_gsie/nist_neutral_cation_states.csv,evaluated,,
Tm_qp1_mult3_nist,69,Tm,1,68,[Xe] 4f13 6s1,"(7/2,1/2)°4",3,2,nist_reference,reference_uncertain,experimental_or_evaluated,nist_gsie,source/nist_gsie/nist_neutral_cation_states.csv,semiempirical,,
Tm_qp2_mult2_nist,69,Tm,2,67,[Xe] 4f13,2F°7/2,2,1,nist_reference,reference_uncertain,experimental_or_evaluated,nist_gsie,source/nist_gsie/nist_neutral_cation_states.csv,semiempirical,,
Tm_qp3_mult3_nist,69,Tm,3,66,[Xe] 4f12,3H6,3,2,nist_reference,reference_uncertain,experimental_or_evaluated,nist_gsie,source/nist_gsie/nist_neutral_cation_states.csv,semiempirical,,
Yb_qm1_mult2_formal,70,Yb,-1,71,[Xe] 4f14 5d1 6s2,,2,1,formal_anion_reference,formal_monoanion,not_claimed,formal_rule,curated/formal_atoms_ions.csv,,review_unbound_but_required_by_policy,"Ning-Lu treats the physical monoanion as unbound, metastable-only, or not accepted; included only as a formal reference required by the v2 charge policy. | Formal stockholder/Hirshfeld-I reference; not a claim of a stable isolated atomic anion."
Yb_q0_mult1_nist,70,Yb,0,70,[Xe] 4f14 6s2,1S0,1,0,nist_reference,reference,experimental_or_evaluated,nist_gsie,source/nist_gsie/nist_neutral_cation_states.csv,evaluated,,
Yb_qp1_mult2_nist,70,Yb,1,69,[Xe] 4f14 6s1,2S1/2,2,1,nist_reference,reference,experimental_or_evaluated,nist_gsie,source/nist_gsie/nist_neutral_cation_states.csv,evaluated,,
Yb_qp2_mult1_nist,70,Yb,2,68,[Xe] 4f14,1S0,1,0,nist_reference,reference_uncertain,experimental_or_evaluated,nist_gsie,source/nist_gsie/nist_neutral_cation_states.csv,semiempirical,,
Yb_qp3_mult2_nist,70,Yb,3,67,[Xe] 4f13,2F°7/2,2,1,nist_reference,reference_uncertain,experimental_or_evaluated,nist_gsie,source/nist_gsie/nist_neutral_cation_states.csv,semiempirical,,
Lu_qm1_mult1_ning2022,71,Lu,-1,72,[Xe] 4f14 5d1 6s2 6p1,1D2,1,0,ning2022_monoanion_reference,bound_experimental,experimental_or_evaluated,ning2022,source/ning2022/ning2022_monoanions.csv,,,
Lu_q0_mult2_nist,71,Lu,0,71,[Xe] 4f14 5d1 6s2,2D3/2,2,1,nist_reference,reference,experimental_or_evaluated,nist_gsie,source/nist_gsie/nist_neutral_cation_states.csv,evaluated,,
Lu_qp1_mult1_nist,71,Lu,1,70,[Xe] 4f14 6s2,1S0,1,0,nist_reference,reference_uncertain,experimental_or_evaluated,nist_gsie,source/nist_gsie/nist_neutral_cation_states.csv,semiempirical,,
Lu_qp2_mult2_nist,71,Lu,2,69,[Xe] 4f14 6s1,2S1/2,2,1,nist_reference,reference,experimental_or_evaluated,nist_gsie,source/nist_gsie/nist_neutral_cation_states.csv,evaluated,,
Lu_qp3_mult1_nist,71,Lu,3,68,[Xe] 4f14,1S0,1,0,nist_reference,reference_uncertain,experimental_or_evaluated,nist_gsie,source/nist_gsie/nist_neutral_cation_states.csv,semiempirical,,
Hf_qm1_mult4_ning2022,72,Hf,-1,73,[Xe] 4f14 5d2 6s2 6p1,4G5/2,4,3,ning2022_monoanion_reference,bound_experimental,experimental_or_evaluated,ning2022,source/ning2022/ning2022_monoanions.csv,,,
Hf_q0_mult3_nist,72,Hf,0,72,[Xe] 4f14 5d2 6s2,3F2,3,2,nist_reference,reference,experimental_or_evaluated,nist_gsie,source/nist_gsie/nist_neutral_cation_states.csv,evaluated,,
Hf_qp1_mult2_nist,72,Hf,1,71,[Xe] 4f14 5d1 6s2,2D3/2,2,1,nist_reference,reference_uncertain,experimental_or_evaluated,nist_gsie,source/nist_gsie/nist_neutral_cation_states.csv,theoretical,,
Hf_qp2_mult3_nist,72,Hf,2,70,[Xe] 4f14 5d2,3F2,3,2,nist_reference,reference_uncertain,experimental_or_evaluated,nist_gsie,source/nist_gsie/nist_neutral_cation_states.csv,theoretical,,
Hf_qp3_mult2_nist,72,Hf,3,69,[Xe] 4f14 5d1,2D3/2,2,1,nist_reference,reference_uncertain,experimental_or_evaluated,nist_gsie,source/nist_gsie/nist_neutral_cation_states.csv,semiempirical,,
Ta_qm1_mult5_ning2022,73,Ta,-1,74,[Xe] 4f14 5d4 6s2,5D0,5,4,ning2022_monoanion_reference,bound_experimental,experimental_or_evaluated,ning2022,source/ning2022/ning2022_monoanions.csv,,,
Ta_q0_mult4_nist,73,Ta,0,73,[Xe] 4f14 5d3 6s2,4F3/2,4,3,nist_reference,reference,experimental_or_evaluated,nist_gsie,source/nist_gsie/nist_neutral_cation_states.csv,evaluated,,
Ta_qp1_mult5_nist,73,Ta,1,72,[Xe] 4f14 5d3 6s1,5F1,5,4,nist_reference,reference_uncertain,experimental_or_evaluated,nist_gsie,source/nist_gsie/nist_neutral_cation_states.csv,semiempirical,,
Ta_qp2_mult4_nist,73,Ta,2,71,[Xe] 4f14 5d3,4F3/2,4,3,nist_reference,reference_uncertain,experimental_or_evaluated,nist_gsie,source/nist_gsie/nist_neutral_cation_states.csv,theoretical,,
Ta_qp3_mult3_nist,73,Ta,3,70,[Xe] 4f14 5d2,3F2,3,2,nist_reference,reference_uncertain,experimental_or_evaluated,nist_gsie,source/nist_gsie/nist_neutral_cation_states.csv,theoretical,,
W_qm1_mult6_ning2022,74,W,-1,75,[Xe] 4f14 5d5 6s2,6S5/2,6,5,ning2022_monoanion_reference,bound_experimental,experimental_or_evaluated,ning2022,source/ning2022/ning2022_monoanions.csv,,,
W_q0_mult5_nist,74,W,0,74,[Xe] 4f14 5d4 6s2,5D0,5,4,nist_reference,reference,experimental_or_evaluated,nist_gsie,source/nist_gsie/nist_neutral_cation_states.csv,evaluated,,
W_qp1_mult6_nist,74,W,1,73,[Xe] 4f14 5d4 6s1,6D1/2,6,5,nist_reference,reference_uncertain,experimental_or_evaluated,nist_gsie,source/nist_gsie/nist_neutral_cation_states.csv,semiempirical,,
W_qp2_mult5_nist,74,W,2,72,[Xe] 4f14 5d4,5D0,5,4,nist_reference,reference_uncertain,experimental_or_evaluated,nist_gsie,source/nist_gsie/nist_neutral_cation_states.csv,semiempirical,,
W_qp3_mult4_nist,74,W,3,71,[Xe] 4f14 5d3,4F3/2,4,3,nist_reference,reference_uncertain,experimental_or_evaluated,nist_gsie,source/nist_gsie/nist_neutral_cation_states.csv,semiempirical,,
Re_qm1_mult5_ning2022,75,Re,-1,76,[Xe] 4f14 5d6 6s2,5D4,5,4,ning2022_monoanion_reference,bound_experimental,experimental_or_evaluated,ning2022,source/ning2022/ning2022_monoanions.csv,,,
Re_q0_mult6_nist,75,Re,0,75,[Xe] 4f14 5d5 6s2,6S5/2,6,5,nist_reference,reference,experimental_or_evaluated,nist_gsie,source/nist_gsie/nist_neutral_cation_states.csv,evaluated,,
Re_qp1_mult7_nist,75,Re,1,74,[Xe] 4f14 5d5 6s1,7S3,7,6,nist_reference,reference_uncertain,experimental_or_evaluated,nist_gsie,source/nist_gsie/nist_neutral_cation_states.csv,semiempirical,,
Re_qp2_mult6_nist,75,Re,2,73,[Xe] 4f14 5d5,6S5/2,6,5,nist_reference,reference_uncertain,experimental_or_evaluated,nist_gsie,source/nist_gsie/nist_neutral_cation_states.csv,theoretical,,
Re_qp3_mult5_nist,75,Re,3,72,[Xe] 4f14 5d4,5D0,5,4,nist_reference,reference_uncertain,experimental_or_evaluated,nist_gsie,source/nist_gsie/nist_neutral_cation_states.csv,theoretical,,
Os_qm1_mult4_ning2022,76,Os,-1,77,[Xe] 4f14 5d7 6s2,4F9/2,4,3,ning2022_monoanion_reference,bound_experimental,experimental_or_evaluated,ning2022,source/ning2022/ning2022_monoanions.csv,,,multiple bound anion states exist; table row is the recommended ground state
Os_q0_mult5_nist,76,Os,0,76,[Xe] 4f14 5d6 6s2,5D4,5,4,nist_reference,reference,experimental_or_evaluated,nist_gsie,source/nist_gsie/nist_neutral_cation_states.csv,evaluated,,
Os_qp1_mult6_nist,76,Os,1,75,[Xe] 4f14 5d6 6s1,6D9/2,6,5,nist_reference,reference_uncertain,experimental_or_evaluated,nist_gsie,source/nist_gsie/nist_neutral_cation_states.csv,semiempirical,,
Os_qp2_mult5_nist,76,Os,2,74,[Xe] 4f14 5d6,5D4,5,4,nist_reference,reference_uncertain,experimental_or_evaluated,nist_gsie,source/nist_gsie/nist_neutral_cation_states.csv,theoretical,,
Os_qp3_mult6_nist,76,Os,3,73,[Xe] 4f14 5d5,6S5/2,6,5,nist_reference,reference_uncertain,experimental_or_evaluated,nist_gsie,source/nist_gsie/nist_neutral_cation_states.csv,theoretical,,
Ir_qm1_mult3_ning2022,77,Ir,-1,78,[Xe] 4f14 5d8 6s2,3F4,3,2,ning2022_monoanion_reference,bound_experimental,experimental_or_evaluated,ning2022,source/ning2022/ning2022_monoanions.csv,,,
Ir_q0_mult4_nist,77,Ir,0,77,[Xe] 4f14 5d7 6s2,4F9/2,4,3,nist_reference,reference,experimental_or_evaluated,nist_gsie,source/nist_gsie/nist_neutral_cation_states.csv,evaluated,,
Ir_qp1_mult5_nist,77,Ir,1,76,[Xe] 4f14 5d7 6s1,5F5,5,4,nist_reference,reference_uncertain,experimental_or_evaluated,nist_gsie,source/nist_gsie/nist_neutral_cation_states.csv,semiempirical,,
Ir_qp2_mult4_nist,77,Ir,2,75,[Xe] 4f14 5d7,4F9/2,4,3,nist_reference,reference_uncertain,experimental_or_evaluated,nist_gsie,source/nist_gsie/nist_neutral_cation_states.csv,theoretical,,
Ir_qp3_mult5_nist,77,Ir,3,74,[Xe] 4f14 5d6,5D4,5,4,nist_reference,reference_uncertain,experimental_or_evaluated,nist_gsie,source/nist_gsie/nist_neutral_cation_states.csv,theoretical,,
Pt_qm1_mult2_ning2022,78,Pt,-1,79,[Xe] 4f14 5d9 6s2,2D5/2,2,1,ning2022_monoanion_reference,bound_experimental,experimental_or_evaluated,ning2022,source/ning2022/ning2022_monoanions.csv,,,
Pt_q0_mult3_nist,78,Pt,0,78,[Xe] 4f14 5d9 6s1,3D3,3,2,nist_reference,reference,experimental_or_evaluated,nist_gsie,source/nist_gsie/nist_neutral_cation_states.csv,evaluated,,
Pt_qp1_mult2_nist,78,Pt,1,77,[Xe] 4f14 5d9,2D5/2,2,1,nist_reference,reference,experimental_or_evaluated,nist_gsie,source/nist_gsie/nist_neutral_cation_states.csv,evaluated,,
Pt_qp2_mult3_nist,78,Pt,2,76,[Xe] 4f14 5d8,3F4,3,2,nist_reference,reference_uncertain,experimental_or_evaluated,nist_gsie,source/nist_gsie/nist_neutral_cation_states.csv,theoretical,,
Pt_qp3_mult4_nist,78,Pt,3,75,[Xe] 4f14 5d7,4F9/2,4,3,nist_reference,reference_uncertain,experimental_or_evaluated,nist_gsie,source/nist_gsie/nist_neutral_cation_states.csv,theoretical,,
Au_qm1_mult1_ning2022,79,Au,-1,80,[Xe] 4f14 5d10 6s2,1S0,1,0,ning2022_monoanion_reference,bound_experimental,experimental_or_evaluated,ning2022,source/ning2022/ning2022_monoanions.csv,,,
Au_q0_mult2_nist,79,Au,0,79,[Xe] 4f14 5d10 6s1,2S1/2,2,1,nist_reference,reference,experimental_or_evaluated,nist_gsie,source/nist_gsie/nist_neutral_cation_states.csv,evaluated,,
Au_qp1_mult1_nist,79,Au,1,78,[Xe] 4f14 5d10,1S0,1,0,nist_reference,reference,experimental_or_evaluated,nist_gsie,source/nist_gsie/nist_neutral_cation_states.csv,evaluated,,
Au_qp2_mult2_nist,79,Au,2,77,[Xe] 4f14 5d9,2D5/2,2,1,nist_reference,reference_uncertain,experimental_or_evaluated,nist_gsie,source/nist_gsie/nist_neutral_cation_states.csv,theoretical,,
Au_qp3_mult3_nist,79,Au,3,76,[Xe] 4f14 5d8,3F4,3,2,nist_reference,reference_uncertain,experimental_or_evaluated,nist_gsie,source/nist_gsie/nist_neutral_cation_states.csv,theoretical,,
Hg_qm1_mult2_formal,80,Hg,-1,81,[Hg] 6p1,,2,1,formal_anion_reference,formal_monoanion,not_claimed,formal_rule,curated/formal_atoms_ions.csv,,review_unbound_but_required_by_policy,"Ning-Lu treats the physical monoanion as unbound, metastable-only, or not accepted; included only as a formal reference required by the v2 charge policy. | Formal stockholder/Hirshfeld-I reference; not a claim of a stable isolated atomic anion."
Hg_q0_mult1_nist,80,Hg,0,80,[Xe] 4f14 5d10 6s2,1S0,1,0,nist_reference,reference,experimental_or_evaluated,nist_gsie,source/nist_gsie/nist_neutral_cation_states.csv,evaluated,,
Hg_qp1_mult2_nist,80,Hg,1,79,[Xe] 4f14 5d10 6s1,2S1/2,2,1,nist_reference,reference,experimental_or_evaluated,nist_gsie,source/nist_gsie/nist_neutral_cation_states.csv,evaluated,,
Hg_qp2_mult1_nist,80,Hg,2,78,[Xe] 4f14 5d10,1S0,1,0,nist_reference,reference,experimental_or_evaluated,nist_gsie,source/nist_gsie/nist_neutral_cation_states.csv,evaluated,,
Hg_qp3_mult2_nist,80,Hg,3,77,[Xe] 4f14 5d9,2D5/2,2,1,nist_reference,reference,experimental_or_evaluated,nist_gsie,source/nist_gsie/nist_neutral_cation_states.csv,evaluated,,
Tl_qm2_mult4_formal,81,Tl,-2,83,[Hg] 6p3,,4,3,formal_anion_reference,formal_multianion,not_claimed,formal_rule,curated/formal_atoms_ions.csv,,p_block_formal_dianion_policy,Formal stockholder/Hirshfeld-I reference for p-block dianion coverage; not a stable isolated atomic anion claim.
Tl_qm1_mult3_ning2022,81,Tl,-1,82,[Xe] 4f14 5d10 6s2 6p2,3P0,3,2,ning2022_monoanion_reference,bound_experimental,experimental_or_evaluated,ning2022,source/ning2022/ning2022_monoanions.csv,,,
Tl_q0_mult2_nist,81,Tl,0,81,[Hg] 6p1,2P°1/2,2,1,nist_reference,reference,experimental_or_evaluated,nist_gsie,source/nist_gsie/nist_neutral_cation_states.csv,evaluated,,
Tl_qp1_mult1_nist,81,Tl,1,80,[Xe] 4f14 5d10 6s2,1S0,1,0,nist_reference,reference,experimental_or_evaluated,nist_gsie,source/nist_gsie/nist_neutral_cation_states.csv,evaluated,,
Tl_qp2_mult2_nist,81,Tl,2,79,[Xe] 4f14 5d10 6s1,2S1/2,2,1,nist_reference,reference,experimental_or_evaluated,nist_gsie,source/nist_gsie/nist_neutral_cation_states.csv,evaluated,,
Tl_qp3_mult1_nist,81,Tl,3,78,[Xe] 4f14 5d10,1S0,1,0,nist_reference,reference,experimental_or_evaluated,nist_gsie,source/nist_gsie/nist_neutral_cation_states.csv,evaluated,,
Pb_qm2_mult3_formal,82,Pb,-2,84,[Hg] 6p4,,3,2,formal_anion_reference,formal_multianion,not_claimed,formal_rule,curated/formal_atoms_ions.csv,,p_block_formal_dianion_policy,Formal stockholder/Hirshfeld-I reference for p-block dianion coverage; not a stable isolated atomic anion claim.
Pb_qm1_mult4_ning2022,82,Pb,-1,83,[Xe] 4f14 5d10 6s2 6p3,4S3/2,4,3,ning2022_monoanion_reference,bound_experimental,experimental_or_evaluated,ning2022,source/ning2022/ning2022_monoanions.csv,,,
Pb_q0_mult3_nist,82,Pb,0,82,[Hg] 6p2,"(1/2,1/2)0",3,2,nist_reference,reference,experimental_or_evaluated,nist_gsie,source/nist_gsie/nist_neutral_cation_states.csv,evaluated,,
Pb_qp1_mult2_nist,82,Pb,1,81,[Hg] 6p1,2P°1/2,2,1,nist_reference,reference,experimental_or_evaluated,nist_gsie,source/nist_gsie/nist_neutral_cation_states.csv,evaluated,,
Pb_qp2_mult1_nist,82,Pb,2,80,[Xe] 4f14 5d10 6s2,1S0,1,0,nist_reference,reference,experimental_or_evaluated,nist_gsie,source/nist_gsie/nist_neutral_cation_states.csv,evaluated,,
Pb_qp3_mult2_nist,82,Pb,3,79,[Xe] 4f14 5d10 6s1,2S1/2,2,1,nist_reference,reference,experimental_or_evaluated,nist_gsie,source/nist_gsie/nist_neutral_cation_states.csv,evaluated,,
Bi_qm3_mult1_formal,83,Bi,-3,86,[Hg] 6p6,,1,0,formal_anion_reference,formal_multianion,not_claimed,formal_rule,curated/formal_atoms_ions.csv,,carbon_pnictogen_formal_trianion_policy,Formal stockholder/Hirshfeld-I reference for carbon/pnictogen trianion coverage; not a stable isolated atomic anion claim.
Bi_qm2_mult2_formal,83,Bi,-2,85,[Hg] 6p5,,2,1,formal_anion_reference,formal_multianion,not_claimed,formal_rule,curated/formal_atoms_ions.csv,,p_block_formal_dianion_policy,Formal stockholder/Hirshfeld-I reference for p-block dianion coverage; not a stable isolated atomic anion claim.
Bi_qm1_mult3_ning2022,83,Bi,-1,84,[Xe] 4f14 5d10 6s2 6p4,3P2,3,2,ning2022_monoanion_reference,bound_experimental,experimental_or_evaluated,ning2022,source/ning2022/ning2022_monoanions.csv,,,
Bi_q0_mult4_nist,83,Bi,0,83,[Hg] 6p3,4S°3/2,4,3,nist_reference,reference,experimental_or_evaluated,nist_gsie,source/nist_gsie/nist_neutral_cation_states.csv,evaluated,,
Bi_qp1_mult3_nist,83,Bi,1,82,[Hg] 6p2,3P0,3,2,nist_reference,reference,experimental_or_evaluated,nist_gsie,source/nist_gsie/nist_neutral_cation_states.csv,evaluated,,
Bi_qp2_mult2_nist,83,Bi,2,81,[Hg] 6p1,2P°1/2,2,1,nist_reference,reference,experimental_or_evaluated,nist_gsie,source/nist_gsie/nist_neutral_cation_states.csv,evaluated,,
Bi_qp3_mult1_nist,83,Bi,3,80,[Xe] 4f14 5d10 6s2,1S0,1,0,nist_reference,reference,experimental_or_evaluated,nist_gsie,source/nist_gsie/nist_neutral_cation_states.csv,evaluated,,
Po_qm2_mult1_formal,84,Po,-2,86,[Hg] 6p6,,1,0,formal_anion_reference,formal_multianion,not_claimed,formal_rule,curated/formal_atoms_ions.csv,,p_block_formal_dianion_policy,Formal stockholder/Hirshfeld-I reference for p-block dianion coverage; not a stable isolated atomic anion claim.
Po_qm1_mult2_formal,84,Po,-1,85,[Xe] 4f14 5d10 6s2 6p5,,2,1,formal_anion_reference,formal_monoanion,not_claimed,manual_curated,curated/formal_atoms_ions.csv,,review_theory_only_but_required_by_policy,"Ning-Lu row is theory-only or limit-based; included as a formal monoanion reference, not as a physical/reference monoanion. | Formal stockholder/Hirshfeld-I reference; not a claim of a stable isolated atomic anion."
Po_q0_mult3_nist,84,Po,0,84,[Hg] 6p4,3P2,3,2,nist_reference,reference,experimental_or_evaluated,nist_gsie,source/nist_gsie/nist_neutral_cation_states.csv,evaluated,,
Po_qp1_mult4_nist,84,Po,1,83,[Hg] 6p3,4S°3/2,4,3,nist_reference,reference_uncertain,experimental_or_evaluated,nist_gsie,source/nist_gsie/nist_neutral_cation_states.csv,semiempirical,,
Po_qp2_mult3_nist,84,Po,2,82,[Hg] 6p2,3P0,3,2,nist_reference,reference_uncertain,experimental_or_evaluated,nist_gsie,source/nist_gsie/nist_neutral_cation_states.csv,semiempirical,,
Po_qp3_mult2_nist,84,Po,3,81,[Hg] 6p1,2P°1/2,2,1,nist_reference,reference_uncertain,experimental_or_evaluated,nist_gsie,source/nist_gsie/nist_neutral_cation_states.csv,theoretical,,
At_qm1_mult1_ning2022,85,At,-1,86,[Xe] 4f14 5d10 6s2 6p6,1S0,1,0,ning2022_monoanion_reference,bound_experimental,experimental_or_evaluated,ning2022,source/ning2022/ning2022_monoanions.csv,,,
At_q0_mult2_nist,85,At,0,85,[Hg] 6p5,2P°3/2,2,1,nist_reference,reference,experimental_or_evaluated,nist_gsie,source/nist_gsie/nist_neutral_cation_states.csv,evaluated,,
At_qp1_mult3_nist,85,At,1,84,[Hg] 6p4,3P2,3,2,nist_reference,reference_uncertain,experimental_or_evaluated,nist_gsie,source/nist_gsie/nist_neutral_cation_states.csv,semiempirical,,
At_qp2_mult4_nist,85,At,2,83,[Hg] 6p3,4S°3/2,4,3,nist_reference,reference_uncertain,experimental_or_evaluated,nist_gsie,source/nist_gsie/nist_neutral_cation_states.csv,semiempirical,,
At_qp3_mult3_nist,85,At,3,82,[Hg] 6p2,3P0,3,2,nist_reference,reference_uncertain,experimental_or_evaluated,nist_gsie,source/nist_gsie/nist_neutral_cation_states.csv,semiempirical,,
Rn_q0_mult1_nist,86,Rn,0,86,[Hg] 6p6,1S0,1,0,nist_reference,reference,experimental_or_evaluated,nist_gsie,source/nist_gsie/nist_neutral_cation_states.csv,evaluated,,
Rn_qp1_mult2_nist,86,Rn,1,85,[Hg] 6p5,2P°3/2,2,1,nist_reference,reference_uncertain,experimental_or_evaluated,nist_gsie,source/nist_gsie/nist_neutral_cation_states.csv,theoretical,,
Rn_qp2_mult3_nist,86,Rn,2,84,[Hg] 6p4,3P2,3,2,nist_reference,reference_uncertain,experimental_or_evaluated,nist_gsie,source/nist_gsie/nist_neutral_cation_states.csv,semiempirical,,
Rn_qp3_mult4_nist,86,Rn,3,83,[Hg] 6p3,4S°3/2,4,3,nist_reference,reference_uncertain,experimental_or_evaluated,nist_gsie,source/nist_gsie/nist_neutral_cation_states.csv,theoretical,,
Fr_q0_mult2_nist,87,Fr,0,87,[Rn] 7s1,2S1/2,2,1,nist_reference,reference,experimental_or_evaluated,nist_gsie,source/nist_gsie/nist_neutral_cation_states.csv,evaluated,,
Fr_qp1_mult1_nist,87,Fr,1,86,[Hg] 6p6,1S0,1,0,nist_reference,reference_uncertain,experimental_or_evaluated,nist_gsie,source/nist_gsie/nist_neutral_cation_states.csv,semiempirical,,
Ra_q0_mult1_nist,88,Ra,0,88,[Rn] 7s2,1S0,1,0,nist_reference,reference,experimental_or_evaluated,nist_gsie,source/nist_gsie/nist_neutral_cation_states.csv,evaluated,,
Ra_qp1_mult2_nist,88,Ra,1,87,[Rn] 7s1,2S1/2,2,1,nist_reference,reference,experimental_or_evaluated,nist_gsie,source/nist_gsie/nist_neutral_cation_states.csv,evaluated,,
Ra_qp2_mult1_nist,88,Ra,2,86,[Hg] 6p6,1S0,1,0,nist_reference,reference_uncertain,experimental_or_evaluated,nist_gsie,source/nist_gsie/nist_neutral_cation_states.csv,theoretical,,
Ac_q0_mult2_nist,89,Ac,0,89,[Rn] 6d1 7s2,2D3/2,2,1,nist_reference,reference,experimental_or_evaluated,nist_gsie,source/nist_gsie/nist_neutral_cation_states.csv,evaluated,,
Ac_qp1_mult1_nist,89,Ac,1,88,[Rn] 7s2,1S0,1,0,nist_reference,reference_uncertain,experimental_or_evaluated,nist_gsie,source/nist_gsie/nist_neutral_cation_states.csv,semiempirical,,
Ac_qp2_mult2_nist,89,Ac,2,87,[Rn] 7s1,2S1/2,2,1,nist_reference,reference_uncertain,experimental_or_evaluated,nist_gsie,source/nist_gsie/nist_neutral_cation_states.csv,semiempirical,,
Ac_qp3_mult1_nist,89,Ac,3,86,[Hg] 6p6,1S0,1,0,nist_reference,reference_uncertain,experimental_or_evaluated,nist_gsie,source/nist_gsie/nist_neutral_cation_states.csv,semiempirical,,
Th_q0_mult3_nist,90,Th,0,90,[Rn] 6d2 7s2,3F2,3,2,nist_reference,reference,experimental_or_evaluated,nist_gsie,source/nist_gsie/nist_neutral_cation_states.csv,evaluated,,
Th_qp1_mult2_nist,90,Th,1,89,[Rn] 6d1 7s2,2D3/2,2,1,nist_reference,reference,experimental_or_evaluated,nist_gsie,source/nist_gsie/nist_neutral_cation_states.csv,evaluated,,
Th_qp2_mult3_nist,90,Th,2,88,[Rn] 5f1 6d1,3H°4,3,2,nist_reference,reference_uncertain,experimental_or_evaluated,nist_gsie,source/nist_gsie/nist_neutral_cation_states.csv,semiempirical,,
Th_qp3_mult2_nist,90,Th,3,87,[Rn] 5f1,2F°5/2,2,1,nist_reference,reference,experimental_or_evaluated,nist_gsie,source/nist_gsie/nist_neutral_cation_states.csv,evaluated,,
Pa_q0_mult4_nist,91,Pa,0,91,[Rn] 5f2 6d1 7s2,4K11/2,4,3,nist_reference,reference,experimental_or_evaluated,nist_gsie,source/nist_gsie/nist_neutral_cation_states.csv,semiempirical,,
Pa_qp1_mult3_nist,91,Pa,1,90,[Rn] 5f2 7s2,3H4,3,2,nist_reference,reference_uncertain,experimental_or_evaluated,nist_gsie,source/nist_gsie/nist_neutral_cation_states.csv,semiempirical,,
Pa_qp2_mult4_nist,91,Pa,2,89,[Rn] 5f2 6d1,4I11/2,4,3,nist_reference,reference_uncertain,experimental_or_evaluated,nist_gsie,source/nist_gsie/nist_neutral_cation_states.csv,semiempirical,,
Pa_qp3_mult3_nist,91,Pa,3,88,[Rn] 5f2,3H4,3,2,nist_reference,reference_uncertain,experimental_or_evaluated,nist_gsie,source/nist_gsie/nist_neutral_cation_states.csv,semiempirical,,
U_q0_mult5_nist,92,U,0,92,[Rn] 5f3 6d1 7s2,5L°6,5,4,nist_reference,reference,experimental_or_evaluated,nist_gsie,source/nist_gsie/nist_neutral_cation_states.csv,evaluated,,
U_qp1_mult4_nist,92,U,1,91,[Rn] 5f3 7s2,4I°9/2,4,3,nist_reference,reference,experimental_or_evaluated,nist_gsie,source/nist_gsie/nist_neutral_cation_states.csv,evaluated,,
U_qp2_mult5_nist,92,U,2,90,[Rn] 5f4,5I4,5,4,nist_reference,reference,experimental_or_evaluated,nist_gsie,source/nist_gsie/nist_neutral_cation_states.csv,evaluated,,
U_qp3_mult4_nist,92,U,3,89,[Rn] 5f3,4I°9/2,4,3,nist_reference,reference,experimental_or_evaluated,nist_gsie,source/nist_gsie/nist_neutral_cation_states.csv,evaluated,,
Np_q0_mult6_nist,93,Np,0,93,[Rn] 5f4 6d1 7s2,6L11/2,6,5,nist_reference,reference,experimental_or_evaluated,nist_gsie,source/nist_gsie/nist_neutral_cation_states.csv,evaluated,,
Np_qp1_mult7_nist,93,Np,1,92,[Rn] 5f4 6d1 7s1,7L5,7,6,nist_reference,reference_uncertain,experimental_or_evaluated,nist_gsie,source/nist_gsie/nist_neutral_cation_states.csv,semiempirical,,
Np_qp2_mult6_nist,93,Np,2,91,[Rn] 5f5,6H°5/2,6,5,nist_reference,reference_uncertain,experimental_or_evaluated,nist_gsie,source/nist_gsie/nist_neutral_cation_states.csv,semiempirical,,
Np_qp3_mult5_nist,93,Np,3,90,[Rn] 5f4,5I4,5,4,nist_reference,reference_uncertain,experimental_or_evaluated,nist_gsie,source/nist_gsie/nist_neutral_cation_states.csv,semiempirical,,
Pu_q0_mult7_nist,94,Pu,0,94,[Rn] 5f6 7s2,7F0,7,6,nist_reference,reference,experimental_or_evaluated,nist_gsie,source/nist_gsie/nist_neutral_cation_states.csv,evaluated,,
Pu_qp1_mult8_nist,94,Pu,1,93,[Rn] 5f6 7s1,8F1/2,8,7,nist_reference,reference_uncertain,experimental_or_evaluated,nist_gsie,source/nist_gsie/nist_neutral_cation_states.csv,semiempirical,,
Pu_qp2_mult7_nist,94,Pu,2,92,[Rn] 5f6,7F0,7,6,nist_reference,reference_uncertain,experimental_or_evaluated,nist_gsie,source/nist_gsie/nist_neutral_cation_states.csv,semiempirical,,
Pu_qp3_mult6_nist,94,Pu,3,91,[Rn] 5f5,6H°5/2,6,5,nist_reference,reference_uncertain,experimental_or_evaluated,nist_gsie,source/nist_gsie/nist_neutral_cation_states.csv,semiempirical,,
Am_q0_mult8_nist,95,Am,0,95,[Rn] 5f7 7s2,8S°7/2,8,7,nist_reference,reference,experimental_or_evaluated,nist_gsie,source/nist_gsie/nist_neutral_cation_states.csv,evaluated,,
Am_qp1_mult9_nist,95,Am,1,94,[Rn] 5f7 7s1,9S°4,9,8,nist_reference,reference_uncertain,experimental_or_evaluated,nist_gsie,source/nist_gsie/nist_neutral_cation_states.csv,semiempirical,,
Am_qp2_mult8_nist,95,Am,2,93,[Rn] 5f7,8S°7/2,8,7,nist_reference,reference_uncertain,experimental_or_evaluated,nist_gsie,source/nist_gsie/nist_neutral_cation_states.csv,semiempirical,,
Am_qp3_mult7_nist,95,Am,3,92,[Rn] 5f6,7F0,7,6,nist_reference,reference_uncertain,experimental_or_evaluated,nist_gsie,source/nist_gsie/nist_neutral_cation_states.csv,semiempirical,,
Cm_q0_mult9_nist,96,Cm,0,96,[Rn] 5f7 6d1 7s2,9D°2,9,8,nist_reference,reference,experimental_or_evaluated,nist_gsie,source/nist_gsie/nist_neutral_cation_states.csv,evaluated,,
Cm_qp1_mult8_nist,96,Cm,1,95,[Rn] 5f7 7s2,8S°7/2,8,7,nist_reference,reference_uncertain,experimental_or_evaluated,nist_gsie,source/nist_gsie/nist_neutral_cation_states.csv,semiempirical,,
Cm_qp2_mult7_nist,96,Cm,2,94,[Rn] 5f8,7F6,7,6,nist_reference,reference_uncertain,experimental_or_evaluated,nist_gsie,source/nist_gsie/nist_neutral_cation_states.csv,semiempirical,,
Cm_qp3_mult8_nist,96,Cm,3,93,[Rn] 5f7,8S°7/2,8,7,nist_reference,reference_uncertain,experimental_or_evaluated,nist_gsie,source/nist_gsie/nist_neutral_cation_states.csv,semiempirical,,
Bk_q0_mult6_nist,97,Bk,0,97,[Rn] 5f9 7s2,6H°15/2,6,5,nist_reference,reference,experimental_or_evaluated,nist_gsie,source/nist_gsie/nist_neutral_cation_states.csv,evaluated,,
Bk_qp1_mult7_nist,97,Bk,1,96,[Rn] 5f9 7s1,7H°8,7,6,nist_reference,reference_uncertain,experimental_or_evaluated,nist_gsie,source/nist_gsie/nist_neutral_cation_states.csv,semiempirical,,
Bk_qp2_mult6_nist,97,Bk,2,95,[Rn] 5f9,6H°15/2,6,5,nist_reference,reference_uncertain,experimental_or_evaluated,nist_gsie,source/nist_gsie/nist_neutral_cation_states.csv,semiempirical,,
Bk_qp3_mult7_nist,97,Bk,3,94,[Rn] 5f8,7F6,7,6,nist_reference,reference_uncertain,experimental_or_evaluated,nist_gsie,source/nist_gsie/nist_neutral_cation_states.csv,semiempirical,,
Cf_q0_mult5_nist,98,Cf,0,98,[Rn] 5f10 7s2,5I8,5,4,nist_reference,reference,experimental_or_evaluated,nist_gsie,source/nist_gsie/nist_neutral_cation_states.csv,evaluated,,
Cf_qp1_mult6_nist,98,Cf,1,97,[Rn] 5f10 7s1,6I17/2,6,5,nist_reference,reference_uncertain,experimental_or_evaluated,nist_gsie,source/nist_gsie/nist_neutral_cation_states.csv,semiempirical,,
Cf_qp2_mult5_nist,98,Cf,2,96,[Rn] 5f10,5I8,5,4,nist_reference,reference_uncertain,experimental_or_evaluated,nist_gsie,source/nist_gsie/nist_neutral_cation_states.csv,semiempirical,,
Cf_qp3_mult6_nist,98,Cf,3,95,[Rn] 5f9,6H°15/2,6,5,nist_reference,reference_uncertain,experimental_or_evaluated,nist_gsie,source/nist_gsie/nist_neutral_cation_states.csv,semiempirical,,
Es_q0_mult4_nist,99,Es,0,99,[Rn] 5f11 7s2,4I°15/2,4,3,nist_reference,reference,experimental_or_evaluated,nist_gsie,source/nist_gsie/nist_neutral_cation_states.csv,evaluated,,
Es_qp1_mult5_nist,99,Es,1,98,[Rn] 5f11 7s1,5I°8,5,4,nist_reference,reference_uncertain,experimental_or_evaluated,nist_gsie,source/nist_gsie/nist_neutral_cation_states.csv,semiempirical,,
Es_qp2_mult4_nist,99,Es,2,97,[Rn] 5f11,4I°15/2,4,3,nist_reference,reference_uncertain,experimental_or_evaluated,nist_gsie,source/nist_gsie/nist_neutral_cation_states.csv,semiempirical,,
Es_qp3_mult5_nist,99,Es,3,96,[Rn] 5f10,5I8,5,4,nist_reference,reference_uncertain,experimental_or_evaluated,nist_gsie,source/nist_gsie/nist_neutral_cation_states.csv,semiempirical,,
Fm_q0_mult3_nist,100,Fm,0,100,[Rn] 5f12 7s2,3H6,3,2,nist_reference,reference,experimental_or_evaluated,nist_gsie,source/nist_gsie/nist_neutral_cation_states.csv,semiempirical,,
Fm_qp1_mult4_nist,100,Fm,1,99,[Rn] 5f12 7s1,4H13/2,4,3,nist_reference,reference_uncertain,experimental_or_evaluated,nist_gsie,source/nist_gsie/nist_neutral_cation_states.csv,semiempirical,,
Fm_qp2_mult3_nist,100,Fm,2,98,[Rn] 5f12,3H6,3,2,nist_reference,reference_uncertain,experimental_or_evaluated,nist_gsie,source/nist_gsie/nist_neutral_cation_states.csv,semiempirical,,
Fm_qp3_mult4_nist,100,Fm,3,97,[Rn] 5f11,4I°15/2,4,3,nist_reference,reference_uncertain,experimental_or_evaluated,nist_gsie,source/nist_gsie/nist_neutral_cation_states.csv,semiempirical,,
Md_q0_mult2_nist,101,Md,0,101,[Rn] 5f13 7s2,2F°7/2,2,1,nist_reference,reference,experimental_or_evaluated,nist_gsie,source/nist_gsie/nist_neutral_cation_states.csv,semiempirical,,
Md_qp1_mult3_nist,101,Md,1,100,[Rn] 5f13 7s1,3F°4,3,2,nist_reference,reference_uncertain,experimental_or_evaluated,nist_gsie,source/nist_gsie/nist_neutral_cation_states.csv,semiempirical,,
Md_qp2_mult2_nist,101,Md,2,99,[Rn] 5f13,2F°7/2,2,1,nist_reference,reference_uncertain,experimental_or_evaluated,nist_gsie,source/nist_gsie/nist_neutral_cation_states.csv,semiempirical,,
Md_qp3_mult3_nist,101,Md,3,98,[Rn] 5f12,3H6,3,2,nist_reference,reference_uncertain,experimental_or_evaluated,nist_gsie,source/nist_gsie/nist_neutral_cation_states.csv,semiempirical,,
No_q0_mult1_nist,102,No,0,102,[Rn] 5f14 7s2,1S0,1,0,nist_reference,reference,experimental_or_evaluated,nist_gsie,source/nist_gsie/nist_neutral_cation_states.csv,evaluated,,
No_qp1_mult2_nist,102,No,1,101,[Rn] 5f14 7s1,2S1/2,2,1,nist_reference,reference_uncertain,experimental_or_evaluated,nist_gsie,source/nist_gsie/nist_neutral_cation_states.csv,theoretical,,
No_qp2_mult1_nist,102,No,2,100,[Rn] 5f14,1S0,1,0,nist_reference,reference_uncertain,experimental_or_evaluated,nist_gsie,source/nist_gsie/nist_neutral_cation_states.csv,semiempirical,,
No_qp3_mult2_nist,102,No,3,99,[Rn] 5f13,2F°7/2,2,1,nist_reference,reference_uncertain,experimental_or_evaluated,nist_gsie,source/nist_gsie/nist_neutral_cation_states.csv,semiempirical,,
Lr_q0_mult2_nist,103,Lr,0,103,[Rn] 5f14 7s2 7p1,2P°1/2,2,1,nist_reference,reference,experimental_or_evaluated,nist_gsie,source/nist_gsie/nist_neutral_cation_states.csv,evaluated,,
Lr_qp1_mult1_nist,103,Lr,1,102,[Rn] 5f14 7s2,1S0,1,0,nist_reference,reference_uncertain,experimental_or_evaluated,nist_gsie,source/nist_gsie/nist_neutral_cation_states.csv,theoretical,,
Lr_qp2_mult2_nist,103,Lr,2,101,[Rn] 5f14 7s1,2S1/2,2,1,nist_reference,reference_uncertain,experimental_or_evaluated,nist_gsie,source/nist_gsie/nist_neutral_cation_states.csv,theoretical,,
Lr_qp3_mult1_nist,103,Lr,3,100,[Rn] 5f14,1S0,1,0,nist_reference,reference_uncertain,experimental_or_evaluated,nist_gsie,source/nist_gsie/nist_neutral_cation_states.csv,semiempirical,,
