z,symbol,charge,electron_count,state_source,source_table,state_role,physical_status,include_reason
1,H,-1,2,ning2022,source/ning2022/ning2022_monoanions.csv,bound_experimental,experimental_or_evaluated,accepted_physical_or_provisional_monoanion
1,H,0,1,nist_gsie,source/nist_gsie/nist_neutral_cation_states.csv,reference,experimental_or_evaluated,neutral_reference_policy
2,He,0,2,nist_gsie,source/nist_gsie/nist_neutral_cation_states.csv,reference,experimental_or_evaluated,neutral_reference_policy
2,He,1,1,nist_gsie,source/nist_gsie/nist_neutral_cation_states.csv,reference_uncertain,experimental_or_evaluated,v2_cation_charge_policy
3,Li,-1,4,ning2022,source/ning2022/ning2022_monoanions.csv,bound_experimental,experimental_or_evaluated,accepted_physical_or_provisional_monoanion
3,Li,0,3,nist_gsie,source/nist_gsie/nist_neutral_cation_states.csv,reference,experimental_or_evaluated,neutral_reference_policy
3,Li,1,2,nist_gsie,source/nist_gsie/nist_neutral_cation_states.csv,reference_uncertain,experimental_or_evaluated,v2_cation_charge_policy
4,Be,-1,5,formal_rule,curated/formal_atoms_ions.csv,formal_monoanion,not_claimed,review_unbound_but_required_by_policy
4,Be,0,4,nist_gsie,source/nist_gsie/nist_neutral_cation_states.csv,reference,experimental_or_evaluated,neutral_reference_policy
4,Be,1,3,nist_gsie,source/nist_gsie/nist_neutral_cation_states.csv,reference,experimental_or_evaluated,v2_cation_charge_policy
4,Be,2,2,nist_gsie,source/nist_gsie/nist_neutral_cation_states.csv,reference_uncertain,experimental_or_evaluated,v2_cation_charge_policy
5,B,-2,7,formal_rule,curated/formal_atoms_ions.csv,formal_multianion,not_claimed,p_block_formal_dianion_policy
5,B,-1,6,ning2022,source/ning2022/ning2022_monoanions.csv,bound_experimental,experimental_or_evaluated,accepted_physical_or_provisional_monoanion
5,B,0,5,nist_gsie,source/nist_gsie/nist_neutral_cation_states.csv,reference,experimental_or_evaluated,neutral_reference_policy
5,B,1,4,nist_gsie,source/nist_gsie/nist_neutral_cation_states.csv,reference,experimental_or_evaluated,v2_cation_charge_policy
5,B,2,3,nist_gsie,source/nist_gsie/nist_neutral_cation_states.csv,reference,experimental_or_evaluated,v2_cation_charge_policy
5,B,3,2,nist_gsie,source/nist_gsie/nist_neutral_cation_states.csv,reference_uncertain,experimental_or_evaluated,v2_cation_charge_policy
6,C,-3,9,formal_rule,curated/formal_atoms_ions.csv,formal_multianion,not_claimed,carbon_pnictogen_formal_trianion_policy
6,C,-2,8,formal_rule,curated/formal_atoms_ions.csv,formal_multianion,not_claimed,p_block_formal_dianion_policy
6,C,-1,7,ning2022,source/ning2022/ning2022_monoanions.csv,bound_experimental,experimental_or_evaluated,accepted_physical_or_provisional_monoanion
6,C,0,6,nist_gsie,source/nist_gsie/nist_neutral_cation_states.csv,reference,experimental_or_evaluated,neutral_reference_policy
6,C,1,5,nist_gsie,source/nist_gsie/nist_neutral_cation_states.csv,reference,experimental_or_evaluated,v2_cation_charge_policy
6,C,2,4,nist_gsie,source/nist_gsie/nist_neutral_cation_states.csv,reference,experimental_or_evaluated,v2_cation_charge_policy
6,C,3,3,nist_gsie,source/nist_gsie/nist_neutral_cation_states.csv,reference,experimental_or_evaluated,v2_cation_charge_policy
7,N,-3,10,formal_rule,curated/formal_atoms_ions.csv,formal_multianion,not_claimed,carbon_pnictogen_formal_trianion_policy
7,N,-2,9,formal_rule,curated/formal_atoms_ions.csv,formal_multianion,not_claimed,p_block_formal_dianion_policy
7,N,-1,8,formal_rule,curated/formal_atoms_ions.csv,formal_monoanion,not_claimed,review_unbound_but_required_by_policy
7,N,0,7,nist_gsie,source/nist_gsie/nist_neutral_cation_states.csv,reference,experimental_or_evaluated,neutral_reference_policy
7,N,1,6,nist_gsie,source/nist_gsie/nist_neutral_cation_states.csv,reference_uncertain,experimental_or_evaluated,v2_cation_charge_policy
7,N,2,5,nist_gsie,source/nist_gsie/nist_neutral_cation_states.csv,reference_uncertain,experimental_or_evaluated,v2_cation_charge_policy
7,N,3,4,nist_gsie,source/nist_gsie/nist_neutral_cation_states.csv,reference,experimental_or_evaluated,v2_cation_charge_policy
8,O,-2,10,formal_rule,curated/formal_atoms_ions.csv,formal_multianion,not_claimed,p_block_formal_dianion_policy
8,O,-1,9,ning2022,source/ning2022/ning2022_monoanions.csv,bound_experimental,experimental_or_evaluated,accepted_physical_or_provisional_monoanion
8,O,0,8,nist_gsie,source/nist_gsie/nist_neutral_cation_states.csv,reference,experimental_or_evaluated,neutral_reference_policy
8,O,1,7,nist_gsie,source/nist_gsie/nist_neutral_cation_states.csv,reference,experimental_or_evaluated,v2_cation_charge_policy
8,O,2,6,nist_gsie,source/nist_gsie/nist_neutral_cation_states.csv,reference_uncertain,experimental_or_evaluated,v2_cation_charge_policy
8,O,3,5,nist_gsie,source/nist_gsie/nist_neutral_cation_states.csv,reference,experimental_or_evaluated,v2_cation_charge_policy
9,F,-1,10,ning2022,source/ning2022/ning2022_monoanions.csv,bound_experimental,experimental_or_evaluated,accepted_physical_or_provisional_monoanion
9,F,0,9,nist_gsie,source/nist_gsie/nist_neutral_cation_states.csv,reference,experimental_or_evaluated,neutral_reference_policy
9,F,1,8,nist_gsie,source/nist_gsie/nist_neutral_cation_states.csv,reference,experimental_or_evaluated,v2_cation_charge_policy
9,F,2,7,nist_gsie,source/nist_gsie/nist_neutral_cation_states.csv,reference_uncertain,experimental_or_evaluated,v2_cation_charge_policy
9,F,3,6,nist_gsie,source/nist_gsie/nist_neutral_cation_states.csv,reference_uncertain,experimental_or_evaluated,v2_cation_charge_policy
10,Ne,0,10,nist_gsie,source/nist_gsie/nist_neutral_cation_states.csv,reference,experimental_or_evaluated,neutral_reference_policy
10,Ne,1,9,nist_gsie,source/nist_gsie/nist_neutral_cation_states.csv,reference,experimental_or_evaluated,v2_cation_charge_policy
10,Ne,2,8,nist_gsie,source/nist_gsie/nist_neutral_cation_states.csv,reference,experimental_or_evaluated,v2_cation_charge_policy
10,Ne,3,7,nist_gsie,source/nist_gsie/nist_neutral_cation_states.csv,reference_uncertain,experimental_or_evaluated,v2_cation_charge_policy
11,Na,-1,12,ning2022,source/ning2022/ning2022_monoanions.csv,bound_experimental,experimental_or_evaluated,accepted_physical_or_provisional_monoanion
11,Na,0,11,nist_gsie,source/nist_gsie/nist_neutral_cation_states.csv,reference,experimental_or_evaluated,neutral_reference_policy
11,Na,1,10,nist_gsie,source/nist_gsie/nist_neutral_cation_states.csv,reference,experimental_or_evaluated,v2_cation_charge_policy
12,Mg,-1,13,formal_rule,curated/formal_atoms_ions.csv,formal_monoanion,not_claimed,review_unbound_but_required_by_policy
12,Mg,0,12,nist_gsie,source/nist_gsie/nist_neutral_cation_states.csv,reference,experimental_or_evaluated,neutral_reference_policy
12,Mg,1,11,nist_gsie,source/nist_gsie/nist_neutral_cation_states.csv,reference,experimental_or_evaluated,v2_cation_charge_policy
12,Mg,2,10,nist_gsie,source/nist_gsie/nist_neutral_cation_states.csv,reference,experimental_or_evaluated,v2_cation_charge_policy
13,Al,-2,15,formal_rule,curated/formal_atoms_ions.csv,formal_multianion,not_claimed,p_block_formal_dianion_policy
13,Al,-1,14,ning2022,source/ning2022/ning2022_monoanions.csv,bound_experimental,experimental_or_evaluated,accepted_physical_or_provisional_monoanion
13,Al,0,13,nist_gsie,source/nist_gsie/nist_neutral_cation_states.csv,reference,experimental_or_evaluated,neutral_reference_policy
13,Al,1,12,nist_gsie,source/nist_gsie/nist_neutral_cation_states.csv,reference,experimental_or_evaluated,v2_cation_charge_policy
13,Al,2,11,nist_gsie,source/nist_gsie/nist_neutral_cation_states.csv,reference,experimental_or_evaluated,v2_cation_charge_policy
13,Al,3,10,nist_gsie,source/nist_gsie/nist_neutral_cation_states.csv,reference,experimental_or_evaluated,v2_cation_charge_policy
14,Si,-2,16,formal_rule,curated/formal_atoms_ions.csv,formal_multianion,not_claimed,p_block_formal_dianion_policy
14,Si,-1,15,ning2022,source/ning2022/ning2022_monoanions.csv,bound_experimental,experimental_or_evaluated,accepted_physical_or_provisional_monoanion
14,Si,0,14,nist_gsie,source/nist_gsie/nist_neutral_cation_states.csv,reference,experimental_or_evaluated,neutral_reference_policy
14,Si,1,13,nist_gsie,source/nist_gsie/nist_neutral_cation_states.csv,reference,experimental_or_evaluated,v2_cation_charge_policy
14,Si,2,12,nist_gsie,source/nist_gsie/nist_neutral_cation_states.csv,reference,experimental_or_evaluated,v2_cation_charge_policy
14,Si,3,11,nist_gsie,source/nist_gsie/nist_neutral_cation_states.csv,reference,experimental_or_evaluated,v2_cation_charge_policy
15,P,-3,18,formal_rule,curated/formal_atoms_ions.csv,formal_multianion,not_claimed,carbon_pnictogen_formal_trianion_policy
15,P,-2,17,formal_rule,curated/formal_atoms_ions.csv,formal_multianion,not_claimed,p_block_formal_dianion_policy
15,P,-1,16,ning2022,source/ning2022/ning2022_monoanions.csv,bound_experimental,experimental_or_evaluated,accepted_physical_or_provisional_monoanion
15,P,0,15,nist_gsie,source/nist_gsie/nist_neutral_cation_states.csv,reference,experimental_or_evaluated,neutral_reference_policy
15,P,1,14,nist_gsie,source/nist_gsie/nist_neutral_cation_states.csv,reference_uncertain,experimental_or_evaluated,v2_cation_charge_policy
15,P,2,13,nist_gsie,source/nist_gsie/nist_neutral_cation_states.csv,reference,experimental_or_evaluated,v2_cation_charge_policy
15,P,3,12,nist_gsie,source/nist_gsie/nist_neutral_cation_states.csv,reference,experimental_or_evaluated,v2_cation_charge_policy
16,S,-2,18,formal_rule,curated/formal_atoms_ions.csv,formal_multianion,not_claimed,p_block_formal_dianion_policy
16,S,-1,17,ning2022,source/ning2022/ning2022_monoanions.csv,bound_experimental,experimental_or_evaluated,accepted_physical_or_provisional_monoanion
16,S,0,16,nist_gsie,source/nist_gsie/nist_neutral_cation_states.csv,reference,experimental_or_evaluated,neutral_reference_policy
16,S,1,15,nist_gsie,source/nist_gsie/nist_neutral_cation_states.csv,reference,experimental_or_evaluated,v2_cation_charge_policy
16,S,2,14,nist_gsie,source/nist_gsie/nist_neutral_cation_states.csv,reference_uncertain,experimental_or_evaluated,v2_cation_charge_policy
16,S,3,13,nist_gsie,source/nist_gsie/nist_neutral_cation_states.csv,reference_uncertain,experimental_or_evaluated,v2_cation_charge_policy
17,Cl,-1,18,ning2022,source/ning2022/ning2022_monoanions.csv,bound_experimental,experimental_or_evaluated,accepted_physical_or_provisional_monoanion
17,Cl,0,17,nist_gsie,source/nist_gsie/nist_neutral_cation_states.csv,reference,experimental_or_evaluated,neutral_reference_policy
17,Cl,1,16,nist_gsie,source/nist_gsie/nist_neutral_cation_states.csv,reference,experimental_or_evaluated,v2_cation_charge_policy
17,Cl,2,15,nist_gsie,source/nist_gsie/nist_neutral_cation_states.csv,reference_uncertain,experimental_or_evaluated,v2_cation_charge_policy
17,Cl,3,14,nist_gsie,source/nist_gsie/nist_neutral_cation_states.csv,reference_uncertain,experimental_or_evaluated,v2_cation_charge_policy
18,Ar,0,18,nist_gsie,source/nist_gsie/nist_neutral_cation_states.csv,reference,experimental_or_evaluated,neutral_reference_policy
18,Ar,1,17,nist_gsie,source/nist_gsie/nist_neutral_cation_states.csv,reference,experimental_or_evaluated,v2_cation_charge_policy
18,Ar,2,16,nist_gsie,source/nist_gsie/nist_neutral_cation_states.csv,reference_uncertain,experimental_or_evaluated,v2_cation_charge_policy
18,Ar,3,15,nist_gsie,source/nist_gsie/nist_neutral_cation_states.csv,reference_uncertain,experimental_or_evaluated,v2_cation_charge_policy
19,K,-1,20,ning2022,source/ning2022/ning2022_monoanions.csv,bound_experimental,experimental_or_evaluated,accepted_physical_or_provisional_monoanion
19,K,0,19,nist_gsie,source/nist_gsie/nist_neutral_cation_states.csv,reference,experimental_or_evaluated,neutral_reference_policy
19,K,1,18,nist_gsie,source/nist_gsie/nist_neutral_cation_states.csv,reference,experimental_or_evaluated,v2_cation_charge_policy
20,Ca,-1,21,ning2022,source/ning2022/ning2022_monoanions.csv,bound_experimental,experimental_or_evaluated,accepted_physical_or_provisional_monoanion
20,Ca,0,20,nist_gsie,source/nist_gsie/nist_neutral_cation_states.csv,reference,experimental_or_evaluated,neutral_reference_policy
20,Ca,1,19,nist_gsie,source/nist_gsie/nist_neutral_cation_states.csv,reference,experimental_or_evaluated,v2_cation_charge_policy
20,Ca,2,18,nist_gsie,source/nist_gsie/nist_neutral_cation_states.csv,reference,experimental_or_evaluated,v2_cation_charge_policy
21,Sc,-1,22,ning2022,source/ning2022/ning2022_monoanions.csv,bound_experimental,experimental_or_evaluated,accepted_physical_or_provisional_monoanion
21,Sc,0,21,nist_gsie,source/nist_gsie/nist_neutral_cation_states.csv,reference,experimental_or_evaluated,neutral_reference_policy
21,Sc,1,20,nist_gsie,source/nist_gsie/nist_neutral_cation_states.csv,reference,experimental_or_evaluated,v2_cation_charge_policy
21,Sc,2,19,nist_gsie,source/nist_gsie/nist_neutral_cation_states.csv,reference,experimental_or_evaluated,v2_cation_charge_policy
21,Sc,3,18,nist_gsie,source/nist_gsie/nist_neutral_cation_states.csv,reference,experimental_or_evaluated,v2_cation_charge_policy
22,Ti,-1,23,ning2022,source/ning2022/ning2022_monoanions.csv,bound_experimental,experimental_or_evaluated,accepted_physical_or_provisional_monoanion
22,Ti,0,22,nist_gsie,source/nist_gsie/nist_neutral_cation_states.csv,reference,experimental_or_evaluated,neutral_reference_policy
22,Ti,1,21,nist_gsie,source/nist_gsie/nist_neutral_cation_states.csv,reference,experimental_or_evaluated,v2_cation_charge_policy
22,Ti,2,20,nist_gsie,source/nist_gsie/nist_neutral_cation_states.csv,reference,experimental_or_evaluated,v2_cation_charge_policy
22,Ti,3,19,nist_gsie,source/nist_gsie/nist_neutral_cation_states.csv,reference,experimental_or_evaluated,v2_cation_charge_policy
23,V,-1,24,ning2022,source/ning2022/ning2022_monoanions.csv,bound_experimental,experimental_or_evaluated,accepted_physical_or_provisional_monoanion
23,V,0,23,nist_gsie,source/nist_gsie/nist_neutral_cation_states.csv,reference,experimental_or_evaluated,neutral_reference_policy
23,V,1,22,nist_gsie,source/nist_gsie/nist_neutral_cation_states.csv,reference,experimental_or_evaluated,v2_cation_charge_policy
23,V,2,21,nist_gsie,source/nist_gsie/nist_neutral_cation_states.csv,reference,experimental_or_evaluated,v2_cation_charge_policy
23,V,3,20,nist_gsie,source/nist_gsie/nist_neutral_cation_states.csv,reference,experimental_or_evaluated,v2_cation_charge_policy
24,Cr,-1,25,ning2022,source/ning2022/ning2022_monoanions.csv,bound_experimental,experimental_or_evaluated,accepted_physical_or_provisional_monoanion
24,Cr,0,24,nist_gsie,source/nist_gsie/nist_neutral_cation_states.csv,reference,experimental_or_evaluated,neutral_reference_policy
24,Cr,1,23,nist_gsie,source/nist_gsie/nist_neutral_cation_states.csv,reference,experimental_or_evaluated,v2_cation_charge_policy
24,Cr,2,22,nist_gsie,source/nist_gsie/nist_neutral_cation_states.csv,reference,experimental_or_evaluated,v2_cation_charge_policy
24,Cr,3,21,nist_gsie,source/nist_gsie/nist_neutral_cation_states.csv,reference_uncertain,experimental_or_evaluated,v2_cation_charge_policy
25,Mn,-1,26,formal_rule,curated/formal_atoms_ions.csv,formal_monoanion,not_claimed,review_unbound_but_required_by_policy
25,Mn,0,25,nist_gsie,source/nist_gsie/nist_neutral_cation_states.csv,reference,experimental_or_evaluated,neutral_reference_policy
25,Mn,1,24,nist_gsie,source/nist_gsie/nist_neutral_cation_states.csv,reference,experimental_or_evaluated,v2_cation_charge_policy
25,Mn,2,23,nist_gsie,source/nist_gsie/nist_neutral_cation_states.csv,reference,experimental_or_evaluated,v2_cation_charge_policy
25,Mn,3,22,nist_gsie,source/nist_gsie/nist_neutral_cation_states.csv,reference_uncertain,experimental_or_evaluated,v2_cation_charge_policy
26,Fe,-1,27,ning2022,source/ning2022/ning2022_monoanions.csv,bound_experimental,experimental_or_evaluated,accepted_physical_or_provisional_monoanion
26,Fe,0,26,nist_gsie,source/nist_gsie/nist_neutral_cation_states.csv,reference,experimental_or_evaluated,neutral_reference_policy
26,Fe,1,25,nist_gsie,source/nist_gsie/nist_neutral_cation_states.csv,reference,experimental_or_evaluated,v2_cation_charge_policy
26,Fe,2,24,nist_gsie,source/nist_gsie/nist_neutral_cation_states.csv,reference,experimental_or_evaluated,v2_cation_charge_policy
26,Fe,3,23,nist_gsie,source/nist_gsie/nist_neutral_cation_states.csv,reference,experimental_or_evaluated,v2_cation_charge_policy
27,Co,-1,28,ning2022,source/ning2022/ning2022_monoanions.csv,bound_experimental,experimental_or_evaluated,accepted_physical_or_provisional_monoanion
27,Co,0,27,nist_gsie,source/nist_gsie/nist_neutral_cation_states.csv,reference,experimental_or_evaluated,neutral_reference_policy
27,Co,1,26,nist_gsie,source/nist_gsie/nist_neutral_cation_states.csv,reference,experimental_or_evaluated,v2_cation_charge_policy
27,Co,2,25,nist_gsie,source/nist_gsie/nist_neutral_cation_states.csv,reference_uncertain,experimental_or_evaluated,v2_cation_charge_policy
27,Co,3,24,nist_gsie,source/nist_gsie/nist_neutral_cation_states.csv,reference_uncertain,experimental_or_evaluated,v2_cation_charge_policy
28,Ni,-1,29,ning2022,source/ning2022/ning2022_monoanions.csv,bound_experimental,experimental_or_evaluated,accepted_physical_or_provisional_monoanion
28,Ni,0,28,nist_gsie,source/nist_gsie/nist_neutral_cation_states.csv,reference,experimental_or_evaluated,neutral_reference_policy
28,Ni,1,27,nist_gsie,source/nist_gsie/nist_neutral_cation_states.csv,reference,experimental_or_evaluated,v2_cation_charge_policy
28,Ni,2,26,nist_gsie,source/nist_gsie/nist_neutral_cation_states.csv,reference,experimental_or_evaluated,v2_cation_charge_policy
28,Ni,3,25,nist_gsie,source/nist_gsie/nist_neutral_cation_states.csv,reference_uncertain,experimental_or_evaluated,v2_cation_charge_policy
29,Cu,-1,30,ning2022,source/ning2022/ning2022_monoanions.csv,bound_experimental,experimental_or_evaluated,accepted_physical_or_provisional_monoanion
29,Cu,0,29,nist_gsie,source/nist_gsie/nist_neutral_cation_states.csv,reference,experimental_or_evaluated,neutral_reference_policy
29,Cu,1,28,nist_gsie,source/nist_gsie/nist_neutral_cation_states.csv,reference,experimental_or_evaluated,v2_cation_charge_policy
29,Cu,2,27,nist_gsie,source/nist_gsie/nist_neutral_cation_states.csv,reference,experimental_or_evaluated,v2_cation_charge_policy
29,Cu,3,26,nist_gsie,source/nist_gsie/nist_neutral_cation_states.csv,reference_uncertain,experimental_or_evaluated,v2_cation_charge_policy
30,Zn,-1,31,formal_rule,curated/formal_atoms_ions.csv,formal_monoanion,not_claimed,review_unbound_but_required_by_policy
30,Zn,0,30,nist_gsie,source/nist_gsie/nist_neutral_cation_states.csv,reference,experimental_or_evaluated,neutral_reference_policy
30,Zn,1,29,nist_gsie,source/nist_gsie/nist_neutral_cation_states.csv,reference,experimental_or_evaluated,v2_cation_charge_policy
30,Zn,2,28,nist_gsie,source/nist_gsie/nist_neutral_cation_states.csv,reference,experimental_or_evaluated,v2_cation_charge_policy
30,Zn,3,27,nist_gsie,source/nist_gsie/nist_neutral_cation_states.csv,reference,experimental_or_evaluated,v2_cation_charge_policy
31,Ga,-2,33,formal_rule,curated/formal_atoms_ions.csv,formal_multianion,not_claimed,p_block_formal_dianion_policy
31,Ga,-1,32,ning2022,source/ning2022/ning2022_monoanions.csv,bound_experimental,experimental_or_evaluated,accepted_physical_or_provisional_monoanion
31,Ga,0,31,nist_gsie,source/nist_gsie/nist_neutral_cation_states.csv,reference,experimental_or_evaluated,neutral_reference_policy
31,Ga,1,30,nist_gsie,source/nist_gsie/nist_neutral_cation_states.csv,reference,experimental_or_evaluated,v2_cation_charge_policy
31,Ga,2,29,nist_gsie,source/nist_gsie/nist_neutral_cation_states.csv,reference,experimental_or_evaluated,v2_cation_charge_policy
31,Ga,3,28,nist_gsie,source/nist_gsie/nist_neutral_cation_states.csv,reference,experimental_or_evaluated,v2_cation_charge_policy
32,Ge,-2,34,formal_rule,curated/formal_atoms_ions.csv,formal_multianion,not_claimed,p_block_formal_dianion_policy
32,Ge,-1,33,ning2022,source/ning2022/ning2022_monoanions.csv,bound_experimental,experimental_or_evaluated,accepted_physical_or_provisional_monoanion
32,Ge,0,32,nist_gsie,source/nist_gsie/nist_neutral_cation_states.csv,reference,experimental_or_evaluated,neutral_reference_policy
32,Ge,1,31,nist_gsie,source/nist_gsie/nist_neutral_cation_states.csv,reference,experimental_or_evaluated,v2_cation_charge_policy
32,Ge,2,30,nist_gsie,source/nist_gsie/nist_neutral_cation_states.csv,reference,experimental_or_evaluated,v2_cation_charge_policy
32,Ge,3,29,nist_gsie,source/nist_gsie/nist_neutral_cation_states.csv,reference,experimental_or_evaluated,v2_cation_charge_policy
33,As,-3,36,formal_rule,curated/formal_atoms_ions.csv,formal_multianion,not_claimed,carbon_pnictogen_formal_trianion_policy
33,As,-2,35,formal_rule,curated/formal_atoms_ions.csv,formal_multianion,not_claimed,p_block_formal_dianion_policy
33,As,-1,34,ning2022,source/ning2022/ning2022_monoanions.csv,bound_experimental,experimental_or_evaluated,accepted_physical_or_provisional_monoanion
33,As,0,33,nist_gsie,source/nist_gsie/nist_neutral_cation_states.csv,reference,experimental_or_evaluated,neutral_reference_policy
33,As,1,32,nist_gsie,source/nist_gsie/nist_neutral_cation_states.csv,reference,experimental_or_evaluated,v2_cation_charge_policy
33,As,2,31,nist_gsie,source/nist_gsie/nist_neutral_cation_states.csv,reference,experimental_or_evaluated,v2_cation_charge_policy
33,As,3,30,nist_gsie,source/nist_gsie/nist_neutral_cation_states.csv,reference,experimental_or_evaluated,v2_cation_charge_policy
34,Se,-2,36,formal_rule,curated/formal_atoms_ions.csv,formal_multianion,not_claimed,p_block_formal_dianion_policy
34,Se,-1,35,ning2022,source/ning2022/ning2022_monoanions.csv,bound_experimental,experimental_or_evaluated,accepted_physical_or_provisional_monoanion
34,Se,0,34,nist_gsie,source/nist_gsie/nist_neutral_cation_states.csv,reference,experimental_or_evaluated,neutral_reference_policy
34,Se,1,33,nist_gsie,source/nist_gsie/nist_neutral_cation_states.csv,reference,experimental_or_evaluated,v2_cation_charge_policy
34,Se,2,32,nist_gsie,source/nist_gsie/nist_neutral_cation_states.csv,reference,experimental_or_evaluated,v2_cation_charge_policy
34,Se,3,31,nist_gsie,source/nist_gsie/nist_neutral_cation_states.csv,reference,experimental_or_evaluated,v2_cation_charge_policy
35,Br,-1,36,ning2022,source/ning2022/ning2022_monoanions.csv,bound_experimental,experimental_or_evaluated,accepted_physical_or_provisional_monoanion
35,Br,0,35,nist_gsie,source/nist_gsie/nist_neutral_cation_states.csv,reference,experimental_or_evaluated,neutral_reference_policy
35,Br,1,34,nist_gsie,source/nist_gsie/nist_neutral_cation_states.csv,reference,experimental_or_evaluated,v2_cation_charge_policy
35,Br,2,33,nist_gsie,source/nist_gsie/nist_neutral_cation_states.csv,reference,experimental_or_evaluated,v2_cation_charge_policy
35,Br,3,32,nist_gsie,source/nist_gsie/nist_neutral_cation_states.csv,reference,experimental_or_evaluated,v2_cation_charge_policy
36,Kr,0,36,nist_gsie,source/nist_gsie/nist_neutral_cation_states.csv,reference,experimental_or_evaluated,neutral_reference_policy
36,Kr,1,35,nist_gsie,source/nist_gsie/nist_neutral_cation_states.csv,reference,experimental_or_evaluated,v2_cation_charge_policy
36,Kr,2,34,nist_gsie,source/nist_gsie/nist_neutral_cation_states.csv,reference,experimental_or_evaluated,v2_cation_charge_policy
36,Kr,3,33,nist_gsie,source/nist_gsie/nist_neutral_cation_states.csv,reference,experimental_or_evaluated,v2_cation_charge_policy
37,Rb,-1,38,ning2022,source/ning2022/ning2022_monoanions.csv,bound_experimental,experimental_or_evaluated,accepted_physical_or_provisional_monoanion
37,Rb,0,37,nist_gsie,source/nist_gsie/nist_neutral_cation_states.csv,reference,experimental_or_evaluated,neutral_reference_policy
37,Rb,1,36,nist_gsie,source/nist_gsie/nist_neutral_cation_states.csv,reference,experimental_or_evaluated,v2_cation_charge_policy
38,Sr,-1,39,ning2022,source/ning2022/ning2022_monoanions.csv,bound_experimental,experimental_or_evaluated,accepted_physical_or_provisional_monoanion
38,Sr,0,38,nist_gsie,source/nist_gsie/nist_neutral_cation_states.csv,reference,experimental_or_evaluated,neutral_reference_policy
38,Sr,1,37,nist_gsie,source/nist_gsie/nist_neutral_cation_states.csv,reference,experimental_or_evaluated,v2_cation_charge_policy
38,Sr,2,36,nist_gsie,source/nist_gsie/nist_neutral_cation_states.csv,reference,experimental_or_evaluated,v2_cation_charge_policy
39,Y,-1,40,ning2022,source/ning2022/ning2022_monoanions.csv,bound_experimental,experimental_or_evaluated,accepted_physical_or_provisional_monoanion
39,Y,0,39,nist_gsie,source/nist_gsie/nist_neutral_cation_states.csv,reference,experimental_or_evaluated,neutral_reference_policy
39,Y,1,38,nist_gsie,source/nist_gsie/nist_neutral_cation_states.csv,reference,experimental_or_evaluated,v2_cation_charge_policy
39,Y,2,37,nist_gsie,source/nist_gsie/nist_neutral_cation_states.csv,reference,experimental_or_evaluated,v2_cation_charge_policy
39,Y,3,36,nist_gsie,source/nist_gsie/nist_neutral_cation_states.csv,reference_uncertain,experimental_or_evaluated,v2_cation_charge_policy
40,Zr,-1,41,ning2022,source/ning2022/ning2022_monoanions.csv,bound_experimental,experimental_or_evaluated,accepted_physical_or_provisional_monoanion
40,Zr,0,40,nist_gsie,source/nist_gsie/nist_neutral_cation_states.csv,reference,experimental_or_evaluated,neutral_reference_policy
40,Zr,1,39,nist_gsie,source/nist_gsie/nist_neutral_cation_states.csv,reference,experimental_or_evaluated,v2_cation_charge_policy
40,Zr,2,38,nist_gsie,source/nist_gsie/nist_neutral_cation_states.csv,reference_uncertain,experimental_or_evaluated,v2_cation_charge_policy
40,Zr,3,37,nist_gsie,source/nist_gsie/nist_neutral_cation_states.csv,reference,experimental_or_evaluated,v2_cation_charge_policy
41,Nb,-1,42,ning2022,source/ning2022/ning2022_monoanions.csv,bound_experimental,experimental_or_evaluated,accepted_physical_or_provisional_monoanion
41,Nb,0,41,nist_gsie,source/nist_gsie/nist_neutral_cation_states.csv,reference,experimental_or_evaluated,neutral_reference_policy
41,Nb,1,40,nist_gsie,source/nist_gsie/nist_neutral_cation_states.csv,reference_uncertain,experimental_or_evaluated,v2_cation_charge_policy
41,Nb,2,39,nist_gsie,source/nist_gsie/nist_neutral_cation_states.csv,reference_uncertain,experimental_or_evaluated,v2_cation_charge_policy
41,Nb,3,38,nist_gsie,source/nist_gsie/nist_neutral_cation_states.csv,reference,experimental_or_evaluated,v2_cation_charge_policy
42,Mo,-1,43,ning2022,source/ning2022/ning2022_monoanions.csv,bound_experimental,experimental_or_evaluated,accepted_physical_or_provisional_monoanion
42,Mo,0,42,nist_gsie,source/nist_gsie/nist_neutral_cation_states.csv,reference,experimental_or_evaluated,neutral_reference_policy
42,Mo,1,41,nist_gsie,source/nist_gsie/nist_neutral_cation_states.csv,reference_uncertain,experimental_or_evaluated,v2_cation_charge_policy
42,Mo,2,40,nist_gsie,source/nist_gsie/nist_neutral_cation_states.csv,reference_uncertain,experimental_or_evaluated,v2_cation_charge_policy
42,Mo,3,39,nist_gsie,source/nist_gsie/nist_neutral_cation_states.csv,reference_uncertain,experimental_or_evaluated,v2_cation_charge_policy
43,Tc,-1,44,manual_curated,curated/formal_atoms_ions.csv,formal_monoanion,not_claimed,review_theory_only_but_required_by_policy
43,Tc,0,43,nist_gsie,source/nist_gsie/nist_neutral_cation_states.csv,reference,experimental_or_evaluated,neutral_reference_policy
43,Tc,1,42,nist_gsie,source/nist_gsie/nist_neutral_cation_states.csv,reference_uncertain,experimental_or_evaluated,v2_cation_charge_policy
43,Tc,2,41,nist_gsie,source/nist_gsie/nist_neutral_cation_states.csv,reference_uncertain,experimental_or_evaluated,v2_cation_charge_policy
43,Tc,3,40,nist_gsie,source/nist_gsie/nist_neutral_cation_states.csv,reference_uncertain,experimental_or_evaluated,v2_cation_charge_policy
44,Ru,-1,45,ning2022,source/ning2022/ning2022_monoanions.csv,bound_experimental,experimental_or_evaluated,accepted_physical_or_provisional_monoanion
44,Ru,0,44,nist_gsie,source/nist_gsie/nist_neutral_cation_states.csv,reference,experimental_or_evaluated,neutral_reference_policy
44,Ru,1,43,nist_gsie,source/nist_gsie/nist_neutral_cation_states.csv,reference_uncertain,experimental_or_evaluated,v2_cation_charge_policy
44,Ru,2,42,nist_gsie,source/nist_gsie/nist_neutral_cation_states.csv,reference_uncertain,experimental_or_evaluated,v2_cation_charge_policy
44,Ru,3,41,nist_gsie,source/nist_gsie/nist_neutral_cation_states.csv,reference_uncertain,experimental_or_evaluated,v2_cation_charge_policy
45,Rh,-1,46,ning2022,source/ning2022/ning2022_monoanions.csv,bound_experimental,experimental_or_evaluated,accepted_physical_or_provisional_monoanion
45,Rh,0,45,nist_gsie,source/nist_gsie/nist_neutral_cation_states.csv,reference,experimental_or_evaluated,neutral_reference_policy
45,Rh,1,44,nist_gsie,source/nist_gsie/nist_neutral_cation_states.csv,reference_uncertain,experimental_or_evaluated,v2_cation_charge_policy
45,Rh,2,43,nist_gsie,source/nist_gsie/nist_neutral_cation_states.csv,reference_uncertain,experimental_or_evaluated,v2_cation_charge_policy
45,Rh,3,42,nist_gsie,source/nist_gsie/nist_neutral_cation_states.csv,reference_uncertain,experimental_or_evaluated,v2_cation_charge_policy
46,Pd,-1,47,ning2022,source/ning2022/ning2022_monoanions.csv,bound_experimental,experimental_or_evaluated,accepted_physical_or_provisional_monoanion
46,Pd,0,46,nist_gsie,source/nist_gsie/nist_neutral_cation_states.csv,reference,experimental_or_evaluated,neutral_reference_policy
46,Pd,1,45,nist_gsie,source/nist_gsie/nist_neutral_cation_states.csv,reference_uncertain,experimental_or_evaluated,v2_cation_charge_policy
46,Pd,2,44,nist_gsie,source/nist_gsie/nist_neutral_cation_states.csv,reference_uncertain,experimental_or_evaluated,v2_cation_charge_policy
46,Pd,3,43,nist_gsie,source/nist_gsie/nist_neutral_cation_states.csv,reference_uncertain,experimental_or_evaluated,v2_cation_charge_policy
47,Ag,-1,48,ning2022,source/ning2022/ning2022_monoanions.csv,bound_experimental,experimental_or_evaluated,accepted_physical_or_provisional_monoanion
47,Ag,0,47,nist_gsie,source/nist_gsie/nist_neutral_cation_states.csv,reference,experimental_or_evaluated,neutral_reference_policy
47,Ag,1,46,nist_gsie,source/nist_gsie/nist_neutral_cation_states.csv,reference,experimental_or_evaluated,v2_cation_charge_policy
47,Ag,2,45,nist_gsie,source/nist_gsie/nist_neutral_cation_states.csv,reference_uncertain,experimental_or_evaluated,v2_cation_charge_policy
47,Ag,3,44,nist_gsie,source/nist_gsie/nist_neutral_cation_states.csv,reference_uncertain,experimental_or_evaluated,v2_cation_charge_policy
48,Cd,-1,49,formal_rule,curated/formal_atoms_ions.csv,formal_monoanion,not_claimed,review_unbound_but_required_by_policy
48,Cd,0,48,nist_gsie,source/nist_gsie/nist_neutral_cation_states.csv,reference,experimental_or_evaluated,neutral_reference_policy
48,Cd,1,47,nist_gsie,source/nist_gsie/nist_neutral_cation_states.csv,reference,experimental_or_evaluated,v2_cation_charge_policy
48,Cd,2,46,nist_gsie,source/nist_gsie/nist_neutral_cation_states.csv,reference,experimental_or_evaluated,v2_cation_charge_policy
48,Cd,3,45,nist_gsie,source/nist_gsie/nist_neutral_cation_states.csv,reference_uncertain,experimental_or_evaluated,v2_cation_charge_policy
49,In,-2,51,formal_rule,curated/formal_atoms_ions.csv,formal_multianion,not_claimed,p_block_formal_dianion_policy
49,In,-1,50,ning2022,source/ning2022/ning2022_monoanions.csv,bound_experimental,experimental_or_evaluated,accepted_physical_or_provisional_monoanion
49,In,0,49,nist_gsie,source/nist_gsie/nist_neutral_cation_states.csv,reference,experimental_or_evaluated,neutral_reference_policy
49,In,1,48,nist_gsie,source/nist_gsie/nist_neutral_cation_states.csv,reference,experimental_or_evaluated,v2_cation_charge_policy
49,In,2,47,nist_gsie,source/nist_gsie/nist_neutral_cation_states.csv,reference,experimental_or_evaluated,v2_cation_charge_policy
49,In,3,46,nist_gsie,source/nist_gsie/nist_neutral_cation_states.csv,reference,experimental_or_evaluated,v2_cation_charge_policy
50,Sn,-2,52,formal_rule,curated/formal_atoms_ions.csv,formal_multianion,not_claimed,p_block_formal_dianion_policy
50,Sn,-1,51,ning2022,source/ning2022/ning2022_monoanions.csv,bound_experimental,experimental_or_evaluated,accepted_physical_or_provisional_monoanion
50,Sn,0,50,nist_gsie,source/nist_gsie/nist_neutral_cation_states.csv,reference,experimental_or_evaluated,neutral_reference_policy
50,Sn,1,49,nist_gsie,source/nist_gsie/nist_neutral_cation_states.csv,reference,experimental_or_evaluated,v2_cation_charge_policy
50,Sn,2,48,nist_gsie,source/nist_gsie/nist_neutral_cation_states.csv,reference,experimental_or_evaluated,v2_cation_charge_policy
50,Sn,3,47,nist_gsie,source/nist_gsie/nist_neutral_cation_states.csv,reference,experimental_or_evaluated,v2_cation_charge_policy
51,Sb,-3,54,formal_rule,curated/formal_atoms_ions.csv,formal_multianion,not_claimed,carbon_pnictogen_formal_trianion_policy
51,Sb,-2,53,formal_rule,curated/formal_atoms_ions.csv,formal_multianion,not_claimed,p_block_formal_dianion_policy
51,Sb,-1,52,ning2022,source/ning2022/ning2022_monoanions.csv,bound_experimental,experimental_or_evaluated,accepted_physical_or_provisional_monoanion
51,Sb,0,51,nist_gsie,source/nist_gsie/nist_neutral_cation_states.csv,reference,experimental_or_evaluated,neutral_reference_policy
51,Sb,1,50,nist_gsie,source/nist_gsie/nist_neutral_cation_states.csv,reference,experimental_or_evaluated,v2_cation_charge_policy
51,Sb,2,49,nist_gsie,source/nist_gsie/nist_neutral_cation_states.csv,reference,experimental_or_evaluated,v2_cation_charge_policy
51,Sb,3,48,nist_gsie,source/nist_gsie/nist_neutral_cation_states.csv,reference,experimental_or_evaluated,v2_cation_charge_policy
52,Te,-2,54,formal_rule,curated/formal_atoms_ions.csv,formal_multianion,not_claimed,p_block_formal_dianion_policy
52,Te,-1,53,ning2022,source/ning2022/ning2022_monoanions.csv,bound_experimental,experimental_or_evaluated,accepted_physical_or_provisional_monoanion
52,Te,0,52,nist_gsie,source/nist_gsie/nist_neutral_cation_states.csv,reference,experimental_or_evaluated,neutral_reference_policy
52,Te,1,51,nist_gsie,source/nist_gsie/nist_neutral_cation_states.csv,reference,experimental_or_evaluated,v2_cation_charge_policy
52,Te,2,50,nist_gsie,source/nist_gsie/nist_neutral_cation_states.csv,reference,experimental_or_evaluated,v2_cation_charge_policy
52,Te,3,49,nist_gsie,source/nist_gsie/nist_neutral_cation_states.csv,reference,experimental_or_evaluated,v2_cation_charge_policy
53,I,-1,54,ning2022,source/ning2022/ning2022_monoanions.csv,bound_experimental,experimental_or_evaluated,accepted_physical_or_provisional_monoanion
53,I,0,53,nist_gsie,source/nist_gsie/nist_neutral_cation_states.csv,reference,experimental_or_evaluated,neutral_reference_policy
53,I,1,52,nist_gsie,source/nist_gsie/nist_neutral_cation_states.csv,reference,experimental_or_evaluated,v2_cation_charge_policy
53,I,2,51,nist_gsie,source/nist_gsie/nist_neutral_cation_states.csv,reference,experimental_or_evaluated,v2_cation_charge_policy
53,I,3,50,nist_gsie,source/nist_gsie/nist_neutral_cation_states.csv,reference,experimental_or_evaluated,v2_cation_charge_policy
54,Xe,0,54,nist_gsie,source/nist_gsie/nist_neutral_cation_states.csv,reference,experimental_or_evaluated,neutral_reference_policy
54,Xe,1,53,nist_gsie,source/nist_gsie/nist_neutral_cation_states.csv,reference_uncertain,experimental_or_evaluated,v2_cation_charge_policy
54,Xe,2,52,nist_gsie,source/nist_gsie/nist_neutral_cation_states.csv,reference_uncertain,experimental_or_evaluated,v2_cation_charge_policy
54,Xe,3,51,nist_gsie,source/nist_gsie/nist_neutral_cation_states.csv,reference,experimental_or_evaluated,v2_cation_charge_policy
55,Cs,-1,56,ning2022,source/ning2022/ning2022_monoanions.csv,bound_experimental,experimental_or_evaluated,accepted_physical_or_provisional_monoanion
55,Cs,0,55,nist_gsie,source/nist_gsie/nist_neutral_cation_states.csv,reference,experimental_or_evaluated,neutral_reference_policy
55,Cs,1,54,nist_gsie,source/nist_gsie/nist_neutral_cation_states.csv,reference,experimental_or_evaluated,v2_cation_charge_policy
56,Ba,-1,57,ning2022,source/ning2022/ning2022_monoanions.csv,bound_experimental,experimental_or_evaluated,accepted_physical_or_provisional_monoanion
56,Ba,0,56,nist_gsie,source/nist_gsie/nist_neutral_cation_states.csv,reference,experimental_or_evaluated,neutral_reference_policy
56,Ba,1,55,nist_gsie,source/nist_gsie/nist_neutral_cation_states.csv,reference,experimental_or_evaluated,v2_cation_charge_policy
56,Ba,2,54,nist_gsie,source/nist_gsie/nist_neutral_cation_states.csv,reference,experimental_or_evaluated,v2_cation_charge_policy
57,La,-1,58,ning2022,source/ning2022/ning2022_monoanions.csv,bound_experimental,experimental_or_evaluated,accepted_physical_or_provisional_monoanion
57,La,0,57,nist_gsie,source/nist_gsie/nist_neutral_cation_states.csv,reference,experimental_or_evaluated,neutral_reference_policy
57,La,1,56,nist_gsie,source/nist_gsie/nist_neutral_cation_states.csv,reference,experimental_or_evaluated,v2_cation_charge_policy
57,La,2,55,nist_gsie,source/nist_gsie/nist_neutral_cation_states.csv,reference,experimental_or_evaluated,v2_cation_charge_policy
57,La,3,54,nist_gsie,source/nist_gsie/nist_neutral_cation_states.csv,reference_uncertain,experimental_or_evaluated,v2_cation_charge_policy
58,Ce,-1,59,ning2022,source/ning2022/ning2022_monoanions.csv,bound_experimental,experimental_or_evaluated,accepted_physical_or_provisional_monoanion
58,Ce,0,58,nist_gsie,source/nist_gsie/nist_neutral_cation_states.csv,reference,experimental_or_evaluated,neutral_reference_policy
58,Ce,1,57,nist_gsie,source/nist_gsie/nist_neutral_cation_states.csv,reference_uncertain,experimental_or_evaluated,v2_cation_charge_policy
58,Ce,2,56,nist_gsie,source/nist_gsie/nist_neutral_cation_states.csv,reference_uncertain,experimental_or_evaluated,v2_cation_charge_policy
58,Ce,3,55,nist_gsie,source/nist_gsie/nist_neutral_cation_states.csv,reference_uncertain,experimental_or_evaluated,v2_cation_charge_policy
59,Pr,-1,60,ning2022,source/ning2022/ning2022_monoanions.csv,bound_experimental,experimental_or_evaluated,accepted_physical_or_provisional_monoanion
59,Pr,0,59,nist_gsie,source/nist_gsie/nist_neutral_cation_states.csv,reference,experimental_or_evaluated,neutral_reference_policy
59,Pr,1,58,nist_gsie,source/nist_gsie/nist_neutral_cation_states.csv,reference_uncertain,experimental_or_evaluated,v2_cation_charge_policy
59,Pr,2,57,nist_gsie,source/nist_gsie/nist_neutral_cation_states.csv,reference,experimental_or_evaluated,v2_cation_charge_policy
59,Pr,3,56,nist_gsie,source/nist_gsie/nist_neutral_cation_states.csv,reference_uncertain,experimental_or_evaluated,v2_cation_charge_policy
60,Nd,-1,61,ning2022,source/ning2022/ning2022_monoanions.csv,bound_experimental,experimental_or_evaluated,accepted_physical_or_provisional_monoanion
60,Nd,0,60,nist_gsie,source/nist_gsie/nist_neutral_cation_states.csv,reference,experimental_or_evaluated,neutral_reference_policy
60,Nd,1,59,nist_gsie,source/nist_gsie/nist_neutral_cation_states.csv,reference_uncertain,experimental_or_evaluated,v2_cation_charge_policy
60,Nd,2,58,nist_gsie,source/nist_gsie/nist_neutral_cation_states.csv,reference_uncertain,experimental_or_evaluated,v2_cation_charge_policy
60,Nd,3,57,nist_gsie,source/nist_gsie/nist_neutral_cation_states.csv,reference_uncertain,experimental_or_evaluated,v2_cation_charge_policy
61,Pm,-1,62,manual_curated,curated/formal_atoms_ions.csv,formal_monoanion,not_claimed,review_theory_only_but_required_by_policy
61,Pm,0,61,nist_gsie,source/nist_gsie/nist_neutral_cation_states.csv,reference,experimental_or_evaluated,neutral_reference_policy
61,Pm,1,60,nist_gsie,source/nist_gsie/nist_neutral_cation_states.csv,reference_uncertain,experimental_or_evaluated,v2_cation_charge_policy
61,Pm,2,59,nist_gsie,source/nist_gsie/nist_neutral_cation_states.csv,reference_uncertain,experimental_or_evaluated,v2_cation_charge_policy
61,Pm,3,58,nist_gsie,source/nist_gsie/nist_neutral_cation_states.csv,reference_uncertain,experimental_or_evaluated,v2_cation_charge_policy
62,Sm,-1,63,manual_curated,curated/formal_atoms_ions.csv,formal_monoanion,not_claimed,review_theory_only_but_required_by_policy
62,Sm,0,62,nist_gsie,source/nist_gsie/nist_neutral_cation_states.csv,reference,experimental_or_evaluated,neutral_reference_policy
62,Sm,1,61,nist_gsie,source/nist_gsie/nist_neutral_cation_states.csv,reference_uncertain,experimental_or_evaluated,v2_cation_charge_policy
62,Sm,2,60,nist_gsie,source/nist_gsie/nist_neutral_cation_states.csv,reference_uncertain,experimental_or_evaluated,v2_cation_charge_policy
62,Sm,3,59,nist_gsie,source/nist_gsie/nist_neutral_cation_states.csv,reference_uncertain,experimental_or_evaluated,v2_cation_charge_policy
63,Eu,-1,64,ning2022,source/ning2022/ning2022_monoanions.csv,bound_experimental,experimental_or_evaluated,accepted_physical_or_provisional_monoanion
63,Eu,0,63,nist_gsie,source/nist_gsie/nist_neutral_cation_states.csv,reference,experimental_or_evaluated,neutral_reference_policy
63,Eu,1,62,nist_gsie,source/nist_gsie/nist_neutral_cation_states.csv,reference_uncertain,experimental_or_evaluated,v2_cation_charge_policy
63,Eu,2,61,nist_gsie,source/nist_gsie/nist_neutral_cation_states.csv,reference_uncertain,experimental_or_evaluated,v2_cation_charge_policy
63,Eu,3,60,nist_gsie,source/nist_gsie/nist_neutral_cation_states.csv,reference_uncertain,experimental_or_evaluated,v2_cation_charge_policy
64,Gd,-1,65,ning2022,source/ning2022/ning2022_monoanions.csv,bound_provisional,provisional_experimental,accepted_physical_or_provisional_monoanion
64,Gd,0,64,nist_gsie,source/nist_gsie/nist_neutral_cation_states.csv,reference,experimental_or_evaluated,neutral_reference_policy
64,Gd,1,63,nist_gsie,source/nist_gsie/nist_neutral_cation_states.csv,reference_uncertain,experimental_or_evaluated,v2_cation_charge_policy
64,Gd,2,62,nist_gsie,source/nist_gsie/nist_neutral_cation_states.csv,reference_uncertain,experimental_or_evaluated,v2_cation_charge_policy
64,Gd,3,61,nist_gsie,source/nist_gsie/nist_neutral_cation_states.csv,reference_uncertain,experimental_or_evaluated,v2_cation_charge_policy
65,Tb,-1,66,ning2022,source/ning2022/ning2022_monoanions.csv,bound_experimental,experimental_or_evaluated,accepted_physical_or_provisional_monoanion
65,Tb,0,65,nist_gsie,source/nist_gsie/nist_neutral_cation_states.csv,reference,experimental_or_evaluated,neutral_reference_policy
65,Tb,1,64,nist_gsie,source/nist_gsie/nist_neutral_cation_states.csv,reference_uncertain,experimental_or_evaluated,v2_cation_charge_policy
65,Tb,2,63,nist_gsie,source/nist_gsie/nist_neutral_cation_states.csv,reference_uncertain,experimental_or_evaluated,v2_cation_charge_policy
65,Tb,3,62,nist_gsie,source/nist_gsie/nist_neutral_cation_states.csv,reference_uncertain,experimental_or_evaluated,v2_cation_charge_policy
66,Dy,-1,67,ning2022,source/ning2022/ning2022_monoanions.csv,bound_provisional,provisional_experimental,accepted_physical_or_provisional_monoanion
66,Dy,0,66,nist_gsie,source/nist_gsie/nist_neutral_cation_states.csv,reference,experimental_or_evaluated,neutral_reference_policy
66,Dy,1,65,nist_gsie,source/nist_gsie/nist_neutral_cation_states.csv,reference_uncertain,experimental_or_evaluated,v2_cation_charge_policy
66,Dy,2,64,nist_gsie,source/nist_gsie/nist_neutral_cation_states.csv,reference_uncertain,experimental_or_evaluated,v2_cation_charge_policy
66,Dy,3,63,nist_gsie,source/nist_gsie/nist_neutral_cation_states.csv,reference_uncertain,experimental_or_evaluated,v2_cation_charge_policy
67,Ho,-1,68,manual_curated,curated/formal_atoms_ions.csv,formal_monoanion,not_claimed,review_theory_only_but_required_by_policy
67,Ho,0,67,nist_gsie,source/nist_gsie/nist_neutral_cation_states.csv,reference,experimental_or_evaluated,neutral_reference_policy
67,Ho,1,66,nist_gsie,source/nist_gsie/nist_neutral_cation_states.csv,reference_uncertain,experimental_or_evaluated,v2_cation_charge_policy
67,Ho,2,65,nist_gsie,source/nist_gsie/nist_neutral_cation_states.csv,reference_uncertain,experimental_or_evaluated,v2_cation_charge_policy
67,Ho,3,64,nist_gsie,source/nist_gsie/nist_neutral_cation_states.csv,reference_uncertain,experimental_or_evaluated,v2_cation_charge_policy
68,Er,-1,69,manual_curated,curated/formal_atoms_ions.csv,formal_monoanion,not_claimed,review_theory_only_but_required_by_policy
68,Er,0,68,nist_gsie,source/nist_gsie/nist_neutral_cation_states.csv,reference,experimental_or_evaluated,neutral_reference_policy
68,Er,1,67,nist_gsie,source/nist_gsie/nist_neutral_cation_states.csv,reference_uncertain,experimental_or_evaluated,v2_cation_charge_policy
68,Er,2,66,nist_gsie,source/nist_gsie/nist_neutral_cation_states.csv,reference_uncertain,experimental_or_evaluated,v2_cation_charge_policy
68,Er,3,65,nist_gsie,source/nist_gsie/nist_neutral_cation_states.csv,reference_uncertain,experimental_or_evaluated,v2_cation_charge_policy
69,Tm,-1,70,ning2022,source/ning2022/ning2022_monoanions.csv,bound_provisional,provisional_experimental,accepted_physical_or_provisional_monoanion
69,Tm,0,69,nist_gsie,source/nist_gsie/nist_neutral_cation_states.csv,reference,experimental_or_evaluated,neutral_reference_policy
69,Tm,1,68,nist_gsie,source/nist_gsie/nist_neutral_cation_states.csv,reference_uncertain,experimental_or_evaluated,v2_cation_charge_policy
69,Tm,2,67,nist_gsie,source/nist_gsie/nist_neutral_cation_states.csv,reference_uncertain,experimental_or_evaluated,v2_cation_charge_policy
69,Tm,3,66,nist_gsie,source/nist_gsie/nist_neutral_cation_states.csv,reference_uncertain,experimental_or_evaluated,v2_cation_charge_policy
70,Yb,-1,71,formal_rule,curated/formal_atoms_ions.csv,formal_monoanion,not_claimed,review_unbound_but_required_by_policy
70,Yb,0,70,nist_gsie,source/nist_gsie/nist_neutral_cation_states.csv,reference,experimental_or_evaluated,neutral_reference_policy
70,Yb,1,69,nist_gsie,source/nist_gsie/nist_neutral_cation_states.csv,reference,experimental_or_evaluated,v2_cation_charge_policy
70,Yb,2,68,nist_gsie,source/nist_gsie/nist_neutral_cation_states.csv,reference_uncertain,experimental_or_evaluated,v2_cation_charge_policy
70,Yb,3,67,nist_gsie,source/nist_gsie/nist_neutral_cation_states.csv,reference_uncertain,experimental_or_evaluated,v2_cation_charge_policy
71,Lu,-1,72,ning2022,source/ning2022/ning2022_monoanions.csv,bound_experimental,experimental_or_evaluated,accepted_physical_or_provisional_monoanion
71,Lu,0,71,nist_gsie,source/nist_gsie/nist_neutral_cation_states.csv,reference,experimental_or_evaluated,neutral_reference_policy
71,Lu,1,70,nist_gsie,source/nist_gsie/nist_neutral_cation_states.csv,reference_uncertain,experimental_or_evaluated,v2_cation_charge_policy
71,Lu,2,69,nist_gsie,source/nist_gsie/nist_neutral_cation_states.csv,reference,experimental_or_evaluated,v2_cation_charge_policy
71,Lu,3,68,nist_gsie,source/nist_gsie/nist_neutral_cation_states.csv,reference_uncertain,experimental_or_evaluated,v2_cation_charge_policy
72,Hf,-1,73,ning2022,source/ning2022/ning2022_monoanions.csv,bound_experimental,experimental_or_evaluated,accepted_physical_or_provisional_monoanion
72,Hf,0,72,nist_gsie,source/nist_gsie/nist_neutral_cation_states.csv,reference,experimental_or_evaluated,neutral_reference_policy
72,Hf,1,71,nist_gsie,source/nist_gsie/nist_neutral_cation_states.csv,reference_uncertain,experimental_or_evaluated,v2_cation_charge_policy
72,Hf,2,70,nist_gsie,source/nist_gsie/nist_neutral_cation_states.csv,reference_uncertain,experimental_or_evaluated,v2_cation_charge_policy
72,Hf,3,69,nist_gsie,source/nist_gsie/nist_neutral_cation_states.csv,reference_uncertain,experimental_or_evaluated,v2_cation_charge_policy
73,Ta,-1,74,ning2022,source/ning2022/ning2022_monoanions.csv,bound_experimental,experimental_or_evaluated,accepted_physical_or_provisional_monoanion
73,Ta,0,73,nist_gsie,source/nist_gsie/nist_neutral_cation_states.csv,reference,experimental_or_evaluated,neutral_reference_policy
73,Ta,1,72,nist_gsie,source/nist_gsie/nist_neutral_cation_states.csv,reference_uncertain,experimental_or_evaluated,v2_cation_charge_policy
73,Ta,2,71,nist_gsie,source/nist_gsie/nist_neutral_cation_states.csv,reference_uncertain,experimental_or_evaluated,v2_cation_charge_policy
73,Ta,3,70,nist_gsie,source/nist_gsie/nist_neutral_cation_states.csv,reference_uncertain,experimental_or_evaluated,v2_cation_charge_policy
74,W,-1,75,ning2022,source/ning2022/ning2022_monoanions.csv,bound_experimental,experimental_or_evaluated,accepted_physical_or_provisional_monoanion
74,W,0,74,nist_gsie,source/nist_gsie/nist_neutral_cation_states.csv,reference,experimental_or_evaluated,neutral_reference_policy
74,W,1,73,nist_gsie,source/nist_gsie/nist_neutral_cation_states.csv,reference_uncertain,experimental_or_evaluated,v2_cation_charge_policy
74,W,2,72,nist_gsie,source/nist_gsie/nist_neutral_cation_states.csv,reference_uncertain,experimental_or_evaluated,v2_cation_charge_policy
74,W,3,71,nist_gsie,source/nist_gsie/nist_neutral_cation_states.csv,reference_uncertain,experimental_or_evaluated,v2_cation_charge_policy
75,Re,-1,76,ning2022,source/ning2022/ning2022_monoanions.csv,bound_experimental,experimental_or_evaluated,accepted_physical_or_provisional_monoanion
75,Re,0,75,nist_gsie,source/nist_gsie/nist_neutral_cation_states.csv,reference,experimental_or_evaluated,neutral_reference_policy
75,Re,1,74,nist_gsie,source/nist_gsie/nist_neutral_cation_states.csv,reference_uncertain,experimental_or_evaluated,v2_cation_charge_policy
75,Re,2,73,nist_gsie,source/nist_gsie/nist_neutral_cation_states.csv,reference_uncertain,experimental_or_evaluated,v2_cation_charge_policy
75,Re,3,72,nist_gsie,source/nist_gsie/nist_neutral_cation_states.csv,reference_uncertain,experimental_or_evaluated,v2_cation_charge_policy
76,Os,-1,77,ning2022,source/ning2022/ning2022_monoanions.csv,bound_experimental,experimental_or_evaluated,accepted_physical_or_provisional_monoanion
76,Os,0,76,nist_gsie,source/nist_gsie/nist_neutral_cation_states.csv,reference,experimental_or_evaluated,neutral_reference_policy
76,Os,1,75,nist_gsie,source/nist_gsie/nist_neutral_cation_states.csv,reference_uncertain,experimental_or_evaluated,v2_cation_charge_policy
76,Os,2,74,nist_gsie,source/nist_gsie/nist_neutral_cation_states.csv,reference_uncertain,experimental_or_evaluated,v2_cation_charge_policy
76,Os,3,73,nist_gsie,source/nist_gsie/nist_neutral_cation_states.csv,reference_uncertain,experimental_or_evaluated,v2_cation_charge_policy
77,Ir,-1,78,ning2022,source/ning2022/ning2022_monoanions.csv,bound_experimental,experimental_or_evaluated,accepted_physical_or_provisional_monoanion
77,Ir,0,77,nist_gsie,source/nist_gsie/nist_neutral_cation_states.csv,reference,experimental_or_evaluated,neutral_reference_policy
77,Ir,1,76,nist_gsie,source/nist_gsie/nist_neutral_cation_states.csv,reference_uncertain,experimental_or_evaluated,v2_cation_charge_policy
77,Ir,2,75,nist_gsie,source/nist_gsie/nist_neutral_cation_states.csv,reference_uncertain,experimental_or_evaluated,v2_cation_charge_policy
77,Ir,3,74,nist_gsie,source/nist_gsie/nist_neutral_cation_states.csv,reference_uncertain,experimental_or_evaluated,v2_cation_charge_policy
78,Pt,-1,79,ning2022,source/ning2022/ning2022_monoanions.csv,bound_experimental,experimental_or_evaluated,accepted_physical_or_provisional_monoanion
78,Pt,0,78,nist_gsie,source/nist_gsie/nist_neutral_cation_states.csv,reference,experimental_or_evaluated,neutral_reference_policy
78,Pt,1,77,nist_gsie,source/nist_gsie/nist_neutral_cation_states.csv,reference,experimental_or_evaluated,v2_cation_charge_policy
78,Pt,2,76,nist_gsie,source/nist_gsie/nist_neutral_cation_states.csv,reference_uncertain,experimental_or_evaluated,v2_cation_charge_policy
78,Pt,3,75,nist_gsie,source/nist_gsie/nist_neutral_cation_states.csv,reference_uncertain,experimental_or_evaluated,v2_cation_charge_policy
79,Au,-1,80,ning2022,source/ning2022/ning2022_monoanions.csv,bound_experimental,experimental_or_evaluated,accepted_physical_or_provisional_monoanion
79,Au,0,79,nist_gsie,source/nist_gsie/nist_neutral_cation_states.csv,reference,experimental_or_evaluated,neutral_reference_policy
79,Au,1,78,nist_gsie,source/nist_gsie/nist_neutral_cation_states.csv,reference,experimental_or_evaluated,v2_cation_charge_policy
79,Au,2,77,nist_gsie,source/nist_gsie/nist_neutral_cation_states.csv,reference_uncertain,experimental_or_evaluated,v2_cation_charge_policy
79,Au,3,76,nist_gsie,source/nist_gsie/nist_neutral_cation_states.csv,reference_uncertain,experimental_or_evaluated,v2_cation_charge_policy
80,Hg,-1,81,formal_rule,curated/formal_atoms_ions.csv,formal_monoanion,not_claimed,review_unbound_but_required_by_policy
80,Hg,0,80,nist_gsie,source/nist_gsie/nist_neutral_cation_states.csv,reference,experimental_or_evaluated,neutral_reference_policy
80,Hg,1,79,nist_gsie,source/nist_gsie/nist_neutral_cation_states.csv,reference,experimental_or_evaluated,v2_cation_charge_policy
80,Hg,2,78,nist_gsie,source/nist_gsie/nist_neutral_cation_states.csv,reference,experimental_or_evaluated,v2_cation_charge_policy
80,Hg,3,77,nist_gsie,source/nist_gsie/nist_neutral_cation_states.csv,reference,experimental_or_evaluated,v2_cation_charge_policy
81,Tl,-2,83,formal_rule,curated/formal_atoms_ions.csv,formal_multianion,not_claimed,p_block_formal_dianion_policy
81,Tl,-1,82,ning2022,source/ning2022/ning2022_monoanions.csv,bound_experimental,experimental_or_evaluated,accepted_physical_or_provisional_monoanion
81,Tl,0,81,nist_gsie,source/nist_gsie/nist_neutral_cation_states.csv,reference,experimental_or_evaluated,neutral_reference_policy
81,Tl,1,80,nist_gsie,source/nist_gsie/nist_neutral_cation_states.csv,reference,experimental_or_evaluated,v2_cation_charge_policy
81,Tl,2,79,nist_gsie,source/nist_gsie/nist_neutral_cation_states.csv,reference,experimental_or_evaluated,v2_cation_charge_policy
81,Tl,3,78,nist_gsie,source/nist_gsie/nist_neutral_cation_states.csv,reference,experimental_or_evaluated,v2_cation_charge_policy
82,Pb,-2,84,formal_rule,curated/formal_atoms_ions.csv,formal_multianion,not_claimed,p_block_formal_dianion_policy
82,Pb,-1,83,ning2022,source/ning2022/ning2022_monoanions.csv,bound_experimental,experimental_or_evaluated,accepted_physical_or_provisional_monoanion
82,Pb,0,82,nist_gsie,source/nist_gsie/nist_neutral_cation_states.csv,reference,experimental_or_evaluated,neutral_reference_policy
82,Pb,1,81,nist_gsie,source/nist_gsie/nist_neutral_cation_states.csv,reference,experimental_or_evaluated,v2_cation_charge_policy
82,Pb,2,80,nist_gsie,source/nist_gsie/nist_neutral_cation_states.csv,reference,experimental_or_evaluated,v2_cation_charge_policy
82,Pb,3,79,nist_gsie,source/nist_gsie/nist_neutral_cation_states.csv,reference,experimental_or_evaluated,v2_cation_charge_policy
83,Bi,-3,86,formal_rule,curated/formal_atoms_ions.csv,formal_multianion,not_claimed,carbon_pnictogen_formal_trianion_policy
83,Bi,-2,85,formal_rule,curated/formal_atoms_ions.csv,formal_multianion,not_claimed,p_block_formal_dianion_policy
83,Bi,-1,84,ning2022,source/ning2022/ning2022_monoanions.csv,bound_experimental,experimental_or_evaluated,accepted_physical_or_provisional_monoanion
83,Bi,0,83,nist_gsie,source/nist_gsie/nist_neutral_cation_states.csv,reference,experimental_or_evaluated,neutral_reference_policy
83,Bi,1,82,nist_gsie,source/nist_gsie/nist_neutral_cation_states.csv,reference,experimental_or_evaluated,v2_cation_charge_policy
83,Bi,2,81,nist_gsie,source/nist_gsie/nist_neutral_cation_states.csv,reference,experimental_or_evaluated,v2_cation_charge_policy
83,Bi,3,80,nist_gsie,source/nist_gsie/nist_neutral_cation_states.csv,reference,experimental_or_evaluated,v2_cation_charge_policy
84,Po,-2,86,formal_rule,curated/formal_atoms_ions.csv,formal_multianion,not_claimed,p_block_formal_dianion_policy
84,Po,-1,85,manual_curated,curated/formal_atoms_ions.csv,formal_monoanion,not_claimed,review_theory_only_but_required_by_policy
84,Po,0,84,nist_gsie,source/nist_gsie/nist_neutral_cation_states.csv,reference,experimental_or_evaluated,neutral_reference_policy
84,Po,1,83,nist_gsie,source/nist_gsie/nist_neutral_cation_states.csv,reference_uncertain,experimental_or_evaluated,v2_cation_charge_policy
84,Po,2,82,nist_gsie,source/nist_gsie/nist_neutral_cation_states.csv,reference_uncertain,experimental_or_evaluated,v2_cation_charge_policy
84,Po,3,81,nist_gsie,source/nist_gsie/nist_neutral_cation_states.csv,reference_uncertain,experimental_or_evaluated,v2_cation_charge_policy
85,At,-1,86,ning2022,source/ning2022/ning2022_monoanions.csv,bound_experimental,experimental_or_evaluated,accepted_physical_or_provisional_monoanion
85,At,0,85,nist_gsie,source/nist_gsie/nist_neutral_cation_states.csv,reference,experimental_or_evaluated,neutral_reference_policy
85,At,1,84,nist_gsie,source/nist_gsie/nist_neutral_cation_states.csv,reference_uncertain,experimental_or_evaluated,v2_cation_charge_policy
85,At,2,83,nist_gsie,source/nist_gsie/nist_neutral_cation_states.csv,reference_uncertain,experimental_or_evaluated,v2_cation_charge_policy
85,At,3,82,nist_gsie,source/nist_gsie/nist_neutral_cation_states.csv,reference_uncertain,experimental_or_evaluated,v2_cation_charge_policy
86,Rn,0,86,nist_gsie,source/nist_gsie/nist_neutral_cation_states.csv,reference,experimental_or_evaluated,neutral_reference_policy
86,Rn,1,85,nist_gsie,source/nist_gsie/nist_neutral_cation_states.csv,reference_uncertain,experimental_or_evaluated,v2_cation_charge_policy
86,Rn,2,84,nist_gsie,source/nist_gsie/nist_neutral_cation_states.csv,reference_uncertain,experimental_or_evaluated,v2_cation_charge_policy
86,Rn,3,83,nist_gsie,source/nist_gsie/nist_neutral_cation_states.csv,reference_uncertain,experimental_or_evaluated,v2_cation_charge_policy
87,Fr,0,87,nist_gsie,source/nist_gsie/nist_neutral_cation_states.csv,reference,experimental_or_evaluated,neutral_reference_policy
87,Fr,1,86,nist_gsie,source/nist_gsie/nist_neutral_cation_states.csv,reference_uncertain,experimental_or_evaluated,v2_cation_charge_policy
88,Ra,0,88,nist_gsie,source/nist_gsie/nist_neutral_cation_states.csv,reference,experimental_or_evaluated,neutral_reference_policy
88,Ra,1,87,nist_gsie,source/nist_gsie/nist_neutral_cation_states.csv,reference,experimental_or_evaluated,v2_cation_charge_policy
88,Ra,2,86,nist_gsie,source/nist_gsie/nist_neutral_cation_states.csv,reference_uncertain,experimental_or_evaluated,v2_cation_charge_policy
89,Ac,0,89,nist_gsie,source/nist_gsie/nist_neutral_cation_states.csv,reference,experimental_or_evaluated,neutral_reference_policy
89,Ac,1,88,nist_gsie,source/nist_gsie/nist_neutral_cation_states.csv,reference_uncertain,experimental_or_evaluated,v2_cation_charge_policy
89,Ac,2,87,nist_gsie,source/nist_gsie/nist_neutral_cation_states.csv,reference_uncertain,experimental_or_evaluated,v2_cation_charge_policy
89,Ac,3,86,nist_gsie,source/nist_gsie/nist_neutral_cation_states.csv,reference_uncertain,experimental_or_evaluated,v2_cation_charge_policy
90,Th,0,90,nist_gsie,source/nist_gsie/nist_neutral_cation_states.csv,reference,experimental_or_evaluated,neutral_reference_policy
90,Th,1,89,nist_gsie,source/nist_gsie/nist_neutral_cation_states.csv,reference,experimental_or_evaluated,v2_cation_charge_policy
90,Th,2,88,nist_gsie,source/nist_gsie/nist_neutral_cation_states.csv,reference_uncertain,experimental_or_evaluated,v2_cation_charge_policy
90,Th,3,87,nist_gsie,source/nist_gsie/nist_neutral_cation_states.csv,reference,experimental_or_evaluated,v2_cation_charge_policy
91,Pa,0,91,nist_gsie,source/nist_gsie/nist_neutral_cation_states.csv,reference,experimental_or_evaluated,neutral_reference_policy
91,Pa,1,90,nist_gsie,source/nist_gsie/nist_neutral_cation_states.csv,reference_uncertain,experimental_or_evaluated,v2_cation_charge_policy
91,Pa,2,89,nist_gsie,source/nist_gsie/nist_neutral_cation_states.csv,reference_uncertain,experimental_or_evaluated,v2_cation_charge_policy
91,Pa,3,88,nist_gsie,source/nist_gsie/nist_neutral_cation_states.csv,reference_uncertain,experimental_or_evaluated,v2_cation_charge_policy
92,U,0,92,nist_gsie,source/nist_gsie/nist_neutral_cation_states.csv,reference,experimental_or_evaluated,neutral_reference_policy
92,U,1,91,nist_gsie,source/nist_gsie/nist_neutral_cation_states.csv,reference,experimental_or_evaluated,v2_cation_charge_policy
92,U,2,90,nist_gsie,source/nist_gsie/nist_neutral_cation_states.csv,reference,experimental_or_evaluated,v2_cation_charge_policy
92,U,3,89,nist_gsie,source/nist_gsie/nist_neutral_cation_states.csv,reference,experimental_or_evaluated,v2_cation_charge_policy
93,Np,0,93,nist_gsie,source/nist_gsie/nist_neutral_cation_states.csv,reference,experimental_or_evaluated,neutral_reference_policy
93,Np,1,92,nist_gsie,source/nist_gsie/nist_neutral_cation_states.csv,reference_uncertain,experimental_or_evaluated,v2_cation_charge_policy
93,Np,2,91,nist_gsie,source/nist_gsie/nist_neutral_cation_states.csv,reference_uncertain,experimental_or_evaluated,v2_cation_charge_policy
93,Np,3,90,nist_gsie,source/nist_gsie/nist_neutral_cation_states.csv,reference_uncertain,experimental_or_evaluated,v2_cation_charge_policy
94,Pu,0,94,nist_gsie,source/nist_gsie/nist_neutral_cation_states.csv,reference,experimental_or_evaluated,neutral_reference_policy
94,Pu,1,93,nist_gsie,source/nist_gsie/nist_neutral_cation_states.csv,reference_uncertain,experimental_or_evaluated,v2_cation_charge_policy
94,Pu,2,92,nist_gsie,source/nist_gsie/nist_neutral_cation_states.csv,reference_uncertain,experimental_or_evaluated,v2_cation_charge_policy
94,Pu,3,91,nist_gsie,source/nist_gsie/nist_neutral_cation_states.csv,reference_uncertain,experimental_or_evaluated,v2_cation_charge_policy
95,Am,0,95,nist_gsie,source/nist_gsie/nist_neutral_cation_states.csv,reference,experimental_or_evaluated,neutral_reference_policy
95,Am,1,94,nist_gsie,source/nist_gsie/nist_neutral_cation_states.csv,reference_uncertain,experimental_or_evaluated,v2_cation_charge_policy
95,Am,2,93,nist_gsie,source/nist_gsie/nist_neutral_cation_states.csv,reference_uncertain,experimental_or_evaluated,v2_cation_charge_policy
95,Am,3,92,nist_gsie,source/nist_gsie/nist_neutral_cation_states.csv,reference_uncertain,experimental_or_evaluated,v2_cation_charge_policy
96,Cm,0,96,nist_gsie,source/nist_gsie/nist_neutral_cation_states.csv,reference,experimental_or_evaluated,neutral_reference_policy
96,Cm,1,95,nist_gsie,source/nist_gsie/nist_neutral_cation_states.csv,reference_uncertain,experimental_or_evaluated,v2_cation_charge_policy
96,Cm,2,94,nist_gsie,source/nist_gsie/nist_neutral_cation_states.csv,reference_uncertain,experimental_or_evaluated,v2_cation_charge_policy
96,Cm,3,93,nist_gsie,source/nist_gsie/nist_neutral_cation_states.csv,reference_uncertain,experimental_or_evaluated,v2_cation_charge_policy
97,Bk,0,97,nist_gsie,source/nist_gsie/nist_neutral_cation_states.csv,reference,experimental_or_evaluated,neutral_reference_policy
97,Bk,1,96,nist_gsie,source/nist_gsie/nist_neutral_cation_states.csv,reference_uncertain,experimental_or_evaluated,v2_cation_charge_policy
97,Bk,2,95,nist_gsie,source/nist_gsie/nist_neutral_cation_states.csv,reference_uncertain,experimental_or_evaluated,v2_cation_charge_policy
97,Bk,3,94,nist_gsie,source/nist_gsie/nist_neutral_cation_states.csv,reference_uncertain,experimental_or_evaluated,v2_cation_charge_policy
98,Cf,0,98,nist_gsie,source/nist_gsie/nist_neutral_cation_states.csv,reference,experimental_or_evaluated,neutral_reference_policy
98,Cf,1,97,nist_gsie,source/nist_gsie/nist_neutral_cation_states.csv,reference_uncertain,experimental_or_evaluated,v2_cation_charge_policy
98,Cf,2,96,nist_gsie,source/nist_gsie/nist_neutral_cation_states.csv,reference_uncertain,experimental_or_evaluated,v2_cation_charge_policy
98,Cf,3,95,nist_gsie,source/nist_gsie/nist_neutral_cation_states.csv,reference_uncertain,experimental_or_evaluated,v2_cation_charge_policy
99,Es,0,99,nist_gsie,source/nist_gsie/nist_neutral_cation_states.csv,reference,experimental_or_evaluated,neutral_reference_policy
99,Es,1,98,nist_gsie,source/nist_gsie/nist_neutral_cation_states.csv,reference_uncertain,experimental_or_evaluated,v2_cation_charge_policy
99,Es,2,97,nist_gsie,source/nist_gsie/nist_neutral_cation_states.csv,reference_uncertain,experimental_or_evaluated,v2_cation_charge_policy
99,Es,3,96,nist_gsie,source/nist_gsie/nist_neutral_cation_states.csv,reference_uncertain,experimental_or_evaluated,v2_cation_charge_policy
100,Fm,0,100,nist_gsie,source/nist_gsie/nist_neutral_cation_states.csv,reference,experimental_or_evaluated,neutral_reference_policy
100,Fm,1,99,nist_gsie,source/nist_gsie/nist_neutral_cation_states.csv,reference_uncertain,experimental_or_evaluated,v2_cation_charge_policy
100,Fm,2,98,nist_gsie,source/nist_gsie/nist_neutral_cation_states.csv,reference_uncertain,experimental_or_evaluated,v2_cation_charge_policy
100,Fm,3,97,nist_gsie,source/nist_gsie/nist_neutral_cation_states.csv,reference_uncertain,experimental_or_evaluated,v2_cation_charge_policy
101,Md,0,101,nist_gsie,source/nist_gsie/nist_neutral_cation_states.csv,reference,experimental_or_evaluated,neutral_reference_policy
101,Md,1,100,nist_gsie,source/nist_gsie/nist_neutral_cation_states.csv,reference_uncertain,experimental_or_evaluated,v2_cation_charge_policy
101,Md,2,99,nist_gsie,source/nist_gsie/nist_neutral_cation_states.csv,reference_uncertain,experimental_or_evaluated,v2_cation_charge_policy
101,Md,3,98,nist_gsie,source/nist_gsie/nist_neutral_cation_states.csv,reference_uncertain,experimental_or_evaluated,v2_cation_charge_policy
102,No,0,102,nist_gsie,source/nist_gsie/nist_neutral_cation_states.csv,reference,experimental_or_evaluated,neutral_reference_policy
102,No,1,101,nist_gsie,source/nist_gsie/nist_neutral_cation_states.csv,reference_uncertain,experimental_or_evaluated,v2_cation_charge_policy
102,No,2,100,nist_gsie,source/nist_gsie/nist_neutral_cation_states.csv,reference_uncertain,experimental_or_evaluated,v2_cation_charge_policy
102,No,3,99,nist_gsie,source/nist_gsie/nist_neutral_cation_states.csv,reference_uncertain,experimental_or_evaluated,v2_cation_charge_policy
103,Lr,0,103,nist_gsie,source/nist_gsie/nist_neutral_cation_states.csv,reference,experimental_or_evaluated,neutral_reference_policy
103,Lr,1,102,nist_gsie,source/nist_gsie/nist_neutral_cation_states.csv,reference_uncertain,experimental_or_evaluated,v2_cation_charge_policy
103,Lr,2,101,nist_gsie,source/nist_gsie/nist_neutral_cation_states.csv,reference_uncertain,experimental_or_evaluated,v2_cation_charge_policy
103,Lr,3,100,nist_gsie,source/nist_gsie/nist_neutral_cation_states.csv,reference_uncertain,experimental_or_evaluated,v2_cation_charge_policy
